#
# There is insufficient memory for the Java Runtime Environment to continue.
# Native memory allocation (mmap) failed to map 2709520384 bytes. Error detail: G1 virtual space
# Possible reasons:
#   The system is out of physical RAM or swap space
#   This process is running with CompressedOops enabled, and the Java Heap may be blocking the growth of the native heap
# Possible solutions:
#   Reduce memory load on the system
#   Increase physical memory or swap space
#   Check if swap backing store is full
#   Decrease Java heap size (-Xmx/-Xms)
#   Decrease number of Java threads
#   Decrease Java thread stack sizes (-Xss)
#   Set larger code cache with -XX:ReservedCodeCacheSize=
#   JVM is running with Zero Based Compressed Oops mode in which the Java heap is
#     placed in the first 32GB address space. The Java Heap base address is the
#     maximum limit for the native heap growth. Please use -XX:HeapBaseMinAddress
#     to set the Java Heap base and to place the Java Heap above 32GB virtual address.
# This output file may be truncated or incomplete.
#
#  Out of Memory Error (os_windows.cpp:3925), pid=14944, tid=17640
#
# JRE version: OpenJDK Runtime Environment (21.0.8) (build 21.0.8+-14196175-b1038.72)
# Java VM: OpenJDK 64-Bit Server VM (21.0.8+-14196175-b1038.72, mixed mode, tiered, compressed oops, compressed class ptrs, g1 gc, windows-amd64)
# No core dump will be written. Minidumps are not enabled by default on client versions of Windows
#

---------------  S U M M A R Y ------------

Command Line: --add-opens=java.base/java.lang=ALL-UNNAMED --add-opens=java.base/java.lang.invoke=ALL-UNNAMED --add-opens=java.base/java.util=ALL-UNNAMED --add-opens=java.prefs/java.util.prefs=ALL-UNNAMED --add-exports=jdk.compiler/com.sun.tools.javac.api=ALL-UNNAMED --add-exports=jdk.compiler/com.sun.tools.javac.util=ALL-UNNAMED --add-opens=java.base/java.util=ALL-UNNAMED --add-opens=java.prefs/java.util.prefs=ALL-UNNAMED --add-opens=java.base/java.nio.charset=ALL-UNNAMED --add-opens=java.base/java.net=ALL-UNNAMED --add-opens=java.base/java.util.concurrent.atomic=ALL-UNNAMED --add-opens=java.xml/javax.xml.namespace=ALL-UNNAMED -XX:MaxMetaspaceSize=4G -XX:ReservedCodeCacheSize=512m -XX:+HeapDumpOnOutOfMemoryError -Xmx8G -Dfile.encoding=UTF-8 -Duser.country=HR -Duser.language=hr -Duser.variant -javaagent:C:\Users\karlo\.gradle\wrapper\dists\gradle-8.14-all\c2qonpi39x1mddn7hk5gh9iqj\gradle-8.14\lib\agents\gradle-instrumentation-agent-8.14.jar org.gradle.launcher.daemon.bootstrap.GradleDaemon 8.14

Host: Intel(R) Core(TM) i3-8130U CPU @ 2.20GHz, 4 cores, 3G,  Windows 11 , 64 bit Build 26100 (10.0.26100.7623)
Time: Mon Jan 19 20:35:27 2026 Srednja Europa - st. vrij. elapsed time: 225.953854 seconds (0d 0h 3m 45s)

---------------  T H R E A D  ---------------

Current thread (0x000001c37cb7a200):  VMThread "VM Thread"          [id=17640, stack(0x000000829b200000,0x000000829b300000) (1024K)]

Stack: [0x000000829b200000,0x000000829b300000]
Native frames: (J=compiled Java code, j=interpreted, Vv=VM code, C=native code)
V  [jvm.dll+0x6d68d9]
V  [jvm.dll+0x866693]
V  [jvm.dll+0x868c4e]
V  [jvm.dll+0x869333]
V  [jvm.dll+0x280566]
V  [jvm.dll+0x6d3195]
V  [jvm.dll+0x6c69ea]
V  [jvm.dll+0x3586db]
V  [jvm.dll+0x360336]
V  [jvm.dll+0x3b23f6]
V  [jvm.dll+0x3b26c8]
V  [jvm.dll+0x32ae6c]
V  [jvm.dll+0x32aef7]
V  [jvm.dll+0x370d3c]
V  [jvm.dll+0x36f4ee]
V  [jvm.dll+0x32a5c1]
V  [jvm.dll+0x36ebf0]
V  [jvm.dll+0x86f0b8]
V  [jvm.dll+0x870434]
V  [jvm.dll+0x870970]
V  [jvm.dll+0x870c03]
V  [jvm.dll+0x80eac8]
V  [jvm.dll+0x6d512d]
C  [ucrtbase.dll+0x37b0]
C  [KERNEL32.DLL+0x2e8d7]
C  [ntdll.dll+0x8c53c]

VM_Operation (0x000000829eef9a80): G1CollectForAllocation, mode: safepoint, requested by thread 0x000001c37f86e910


---------------  P R O C E S S  ---------------

Threads class SMR info:
_java_thread_list=0x000001c31038ed00, length=57, elements={
0x000001c3577a5110, 0x000001c37f1979f0, 0x000001c37f1fbed0, 0x000001c37f1fc930,
0x000001c37f1e81c0, 0x000001c37f1e8c20, 0x000001c37f1e9680, 0x000001c37f1ea0e0,
0x000001c37f1eae70, 0x000001c37f203760, 0x000001c37f56e150, 0x000001c30d09d560,
0x000001c37f813ca0, 0x000001c37f6ae100, 0x000001c30c5d2820, 0x000001c30cea4d50,
0x000001c30d2c89b0, 0x000001c30d178c50, 0x000001c30d1785c0, 0x000001c30d179970,
0x000001c30d17a000, 0x000001c30d1778a0, 0x000001c30d1792e0, 0x000001c30d177f30,
0x000001c30d17ad20, 0x000001c30ea40410, 0x000001c30ea3dcb0, 0x000001c30ea3fd80,
0x000001c30fff1e90, 0x000001c30fff2bb0, 0x000001c30fff2520, 0x000001c30fff1170,
0x000001c30fff0ae0, 0x000001c31165bc90, 0x000001c31165af70, 0x000001c311659bc0,
0x000001c31165e3f0, 0x000001c31165ea80, 0x000001c3116611e0, 0x000001c31165f7a0,
0x000001c311660b50, 0x000001c31165f110, 0x000001c3116604c0, 0x000001c31165dd60,
0x000001c30ea417c0, 0x000001c37f86a770, 0x000001c37f86b490, 0x000001c37f86bb20,
0x000001c37f86a0e0, 0x000001c37f869a50, 0x000001c37f86ae00, 0x000001c37f8693c0,
0x000001c37f86efa0, 0x000001c37f86e280, 0x000001c37f86dbf0, 0x000001c37f86f630,
0x000001c37f86e910
}

Java Threads: ( => current thread )
  0x000001c3577a5110 JavaThread "main"                              [_thread_blocked, id=17832, stack(0x000000829aa00000,0x000000829ab00000) (1024K)]
  0x000001c37f1979f0 JavaThread "Common-Cleaner"             daemon [_thread_blocked, id=18060, stack(0x000000829b300000,0x000000829b400000) (1024K)]
  0x000001c37f1fbed0 JavaThread "Reference Handler"          daemon [_thread_blocked, id=6620, stack(0x000000829b400000,0x000000829b500000) (1024K)]
  0x000001c37f1fc930 JavaThread "Finalizer"                  daemon [_thread_blocked, id=18276, stack(0x000000829b500000,0x000000829b600000) (1024K)]
  0x000001c37f1e81c0 JavaThread "Signal Dispatcher"          daemon [_thread_blocked, id=15416, stack(0x000000829b600000,0x000000829b700000) (1024K)]
  0x000001c37f1e8c20 JavaThread "Attach Listener"            daemon [_thread_blocked, id=5088, stack(0x000000829b700000,0x000000829b800000) (1024K)]
  0x000001c37f1e9680 JavaThread "Service Thread"             daemon [_thread_blocked, id=864, stack(0x000000829b800000,0x000000829b900000) (1024K)]
  0x000001c37f1ea0e0 JavaThread "Monitor Deflation Thread"   daemon [_thread_blocked, id=13304, stack(0x000000829b900000,0x000000829ba00000) (1024K)]
  0x000001c37f1eae70 JavaThread "C2 CompilerThread0"         daemon [_thread_blocked, id=12980, stack(0x000000829ba00000,0x000000829bb00000) (1024K)]
  0x000001c37f203760 JavaThread "C1 CompilerThread0"         daemon [_thread_blocked, id=16540, stack(0x000000829bb00000,0x000000829bc00000) (1024K)]
  0x000001c37f56e150 JavaThread "Notification Thread"        daemon [_thread_blocked, id=9728, stack(0x000000829bc00000,0x000000829bd00000) (1024K)]
  0x000001c30d09d560 JavaThread "Daemon health stats"               [_thread_blocked, id=6624, stack(0x000000829c000000,0x000000829c100000) (1024K)]
  0x000001c37f813ca0 JavaThread "Incoming local TCP Connector on port 50245"        [_thread_in_native, id=15628, stack(0x000000829c100000,0x000000829c200000) (1024K)]
  0x000001c37f6ae100 JavaThread "Daemon periodic checks"            [_thread_blocked, id=16364, stack(0x000000829c200000,0x000000829c300000) (1024K)]
  0x000001c30c5d2820 JavaThread "Daemon"                            [_thread_blocked, id=17140, stack(0x000000829c300000,0x000000829c400000) (1024K)]
  0x000001c30cea4d50 JavaThread "Handler for socket connection from /127.0.0.1:50245 to /127.0.0.1:50246"        [_thread_in_native, id=10796, stack(0x000000829c400000,0x000000829c500000) (1024K)]
  0x000001c30d2c89b0 JavaThread "Cancel handler"                    [_thread_blocked, id=18548, stack(0x000000829c500000,0x000000829c600000) (1024K)]
  0x000001c30d178c50 JavaThread "Daemon worker"                     [_thread_blocked, id=4452, stack(0x000000829c600000,0x000000829c700000) (1024K)]
  0x000001c30d1785c0 JavaThread "Asynchronous log dispatcher for DefaultDaemonConnection: socket connection from /127.0.0.1:50245 to /127.0.0.1:50246"        [_thread_blocked, id=19088, stack(0x000000829c700000,0x000000829c800000) (1024K)]
  0x000001c30d179970 JavaThread "Stdin handler"                     [_thread_blocked, id=15688, stack(0x000000829c800000,0x000000829c900000) (1024K)]
  0x000001c30d17a000 JavaThread "Daemon client event forwarder"        [_thread_blocked, id=9584, stack(0x000000829c900000,0x000000829ca00000) (1024K)]
  0x000001c30d1778a0 JavaThread "Cache worker for journal cache (C:\Users\karlo\.gradle\caches\journal-1)"        [_thread_blocked, id=7260, stack(0x000000829ca00000,0x000000829cb00000) (1024K)]
  0x000001c30d1792e0 JavaThread "File lock request listener"        [_thread_in_native, id=1856, stack(0x000000829cb00000,0x000000829cc00000) (1024K)]
  0x000001c30d177f30 JavaThread "Cache worker for file hash cache (C:\Users\karlo\.gradle\caches\8.14\fileHashes)"        [_thread_blocked, id=8884, stack(0x000000829cc00000,0x000000829cd00000) (1024K)]
  0x000001c30d17ad20 JavaThread "Cache worker for file hash cache (C:\Users\karlo\OneDrive\Pictures\Desktop\payparq.ai\apps\mobile-scanner\android\.gradle\8.14\fileHashes)"        [_thread_blocked, id=18500, stack(0x000000829cd00000,0x000000829ce00000) (1024K)]
  0x000001c30ea40410 JavaThread "Cache worker for Build Output Cleanup Cache (C:\Users\karlo\OneDrive\Pictures\Desktop\payparq.ai\apps\mobile-scanner\android\.gradle\buildOutputCleanup)"        [_thread_blocked, id=14408, stack(0x000000829ce00000,0x000000829cf00000) (1024K)]
  0x000001c30ea3dcb0 JavaThread "File watcher server"        daemon [_thread_in_native, id=13192, stack(0x000000829cf00000,0x000000829d000000) (1024K)]
  0x000001c30ea3fd80 JavaThread "File watcher consumer"      daemon [_thread_blocked, id=15908, stack(0x000000829d000000,0x000000829d100000) (1024K)]
  0x000001c30fff1e90 JavaThread "Cache worker for checksums cache (C:\Users\karlo\OneDrive\Pictures\Desktop\payparq.ai\apps\mobile-scanner\android\.gradle\8.14\checksums)"        [_thread_blocked, id=12504, stack(0x000000829a800000,0x000000829a900000) (1024K)]
  0x000001c30fff2bb0 JavaThread "Cache worker for file content cache (C:\Users\karlo\.gradle\caches\8.14\fileContent)"        [_thread_blocked, id=19404, stack(0x000000829a900000,0x000000829aa00000) (1024K)]
  0x000001c30fff2520 JavaThread "Cache worker for cache directory md-supplier (C:\Users\karlo\.gradle\caches\8.14\md-supplier)"        [_thread_blocked, id=7288, stack(0x000000829ab00000,0x000000829ac00000) (1024K)]
  0x000001c30fff1170 JavaThread "Cache worker for cache directory md-rule (C:\Users\karlo\.gradle\caches\8.14\md-rule)"        [_thread_blocked, id=980, stack(0x000000829d100000,0x000000829d200000) (1024K)]
  0x000001c30fff0ae0 JavaThread "Cache worker for Build Output Cleanup Cache (C:\Users\karlo\flutter\packages\flutter_tools\gradle\.gradle\buildOutputCleanup)"        [_thread_blocked, id=12392, stack(0x000000829d200000,0x000000829d300000) (1024K)]
  0x000001c31165bc90 JavaThread "Kotlin DSL Writer"                 [_thread_blocked, id=3412, stack(0x000000829d300000,0x000000829d400000) (1024K)]
  0x000001c31165af70 JavaThread "Unconstrained build operations"        [_thread_blocked, id=18264, stack(0x000000829d400000,0x000000829d500000) (1024K)]
  0x000001c311659bc0 JavaThread "Unconstrained build operations Thread 2"        [_thread_blocked, id=11316, stack(0x000000829d700000,0x000000829d800000) (1024K)]
  0x000001c31165e3f0 JavaThread "Unconstrained build operations Thread 3"        [_thread_blocked, id=12268, stack(0x000000829d800000,0x000000829d900000) (1024K)]
  0x000001c31165ea80 JavaThread "Unconstrained build operations Thread 4"        [_thread_blocked, id=2676, stack(0x000000829d900000,0x000000829da00000) (1024K)]
  0x000001c3116611e0 JavaThread "Unconstrained build operations Thread 5"        [_thread_blocked, id=13140, stack(0x000000829da00000,0x000000829db00000) (1024K)]
  0x000001c31165f7a0 JavaThread "Unconstrained build operations Thread 6"        [_thread_blocked, id=10780, stack(0x000000829db00000,0x000000829dc00000) (1024K)]
  0x000001c311660b50 JavaThread "Unconstrained build operations Thread 7"        [_thread_blocked, id=8960, stack(0x000000829dc00000,0x000000829dd00000) (1024K)]
  0x000001c31165f110 JavaThread "Unconstrained build operations Thread 8"        [_thread_blocked, id=17580, stack(0x000000829dd00000,0x000000829de00000) (1024K)]
  0x000001c3116604c0 JavaThread "Unconstrained build operations Thread 9"        [_thread_blocked, id=14476, stack(0x000000829de00000,0x000000829df00000) (1024K)]
  0x000001c31165dd60 JavaThread "Unconstrained build operations Thread 10"        [_thread_blocked, id=18452, stack(0x000000829df00000,0x000000829e000000) (1024K)]
  0x000001c30ea417c0 JavaThread "Unconstrained build operations Thread 11"        [_thread_blocked, id=13328, stack(0x000000829e000000,0x000000829e100000) (1024K)]
  0x000001c37f86a770 JavaThread "Unconstrained build operations Thread 12"        [_thread_blocked, id=13072, stack(0x000000829e100000,0x000000829e200000) (1024K)]
  0x000001c37f86b490 JavaThread "Unconstrained build operations Thread 13"        [_thread_blocked, id=3692, stack(0x000000829e200000,0x000000829e300000) (1024K)]
  0x000001c37f86bb20 JavaThread "Unconstrained build operations Thread 14"        [_thread_blocked, id=16980, stack(0x000000829e300000,0x000000829e400000) (1024K)]
  0x000001c37f86a0e0 JavaThread "Unconstrained build operations Thread 15"        [_thread_blocked, id=10316, stack(0x000000829e400000,0x000000829e500000) (1024K)]
  0x000001c37f869a50 JavaThread "Unconstrained build operations Thread 16"        [_thread_blocked, id=1148, stack(0x000000829e500000,0x000000829e600000) (1024K)]
  0x000001c37f86ae00 JavaThread "File lock release action executor"        [_thread_blocked, id=13264, stack(0x000000829e600000,0x000000829e700000) (1024K)]
  0x000001c37f8693c0 JavaThread "Unconstrained build operations Thread 17"        [_thread_blocked, id=7104, stack(0x000000829e700000,0x000000829e800000) (1024K)]
  0x000001c37f86efa0 JavaThread "Unconstrained build operations Thread 18"        [_thread_blocked, id=19232, stack(0x000000829e800000,0x000000829e900000) (1024K)]
  0x000001c37f86e280 JavaThread "Unconstrained build operations Thread 19"        [_thread_blocked, id=12620, stack(0x000000829e900000,0x000000829ea00000) (1024K)]
  0x000001c37f86dbf0 JavaThread "Unconstrained build operations Thread 20"        [_thread_blocked, id=1228, stack(0x000000829ec00000,0x000000829ed00000) (1024K)]
  0x000001c37f86f630 JavaThread "Unconstrained build operations Thread 21"        [_thread_blocked, id=10940, stack(0x000000829ed00000,0x000000829ee00000) (1024K)]
  0x000001c37f86e910 JavaThread "Unconstrained build operations Thread 22"        [_thread_blocked, id=13136, stack(0x000000829ee00000,0x000000829ef00000) (1024K)]
Total: 57

Other Threads:
=>0x000001c37cb7a200 VMThread "VM Thread"                           [id=17640, stack(0x000000829b200000,0x000000829b300000) (1024K)]
  0x000001c37cb6bd90 WatcherThread "VM Periodic Task Thread"        [id=11468, stack(0x000000829b100000,0x000000829b200000) (1024K)]
  0x000001c35784e3e0 WorkerThread "GC Thread#0"                     [id=3580, stack(0x000000829ac00000,0x000000829ad00000) (1024K)]
  0x000001c37f5d8b80 WorkerThread "GC Thread#1"                     [id=1284, stack(0x000000829bd00000,0x000000829be00000) (1024K)]
  0x000001c37f58c4c0 WorkerThread "GC Thread#2"                     [id=10016, stack(0x000000829be00000,0x000000829bf00000) (1024K)]
  0x000001c30c307200 WorkerThread "GC Thread#3"                     [id=14052, stack(0x000000829bf00000,0x000000829c000000) (1024K)]
  0x000001c37ca04090 ConcurrentGCThread "G1 Main Marker"            [id=17168, stack(0x000000829ad00000,0x000000829ae00000) (1024K)]
  0x000001c37ca04aa0 WorkerThread "G1 Conc#0"                       [id=13736, stack(0x000000829ae00000,0x000000829af00000) (1024K)]
  0x000001c37ca22e90 ConcurrentGCThread "G1 Refine#0"               [id=15484, stack(0x000000829af00000,0x000000829b000000) (1024K)]
  0x000001c37ca23910 ConcurrentGCThread "G1 Service"                [id=3688, stack(0x000000829b000000,0x000000829b100000) (1024K)]
Total: 10

Threads with active compile tasks:
Total: 0

VM state: at safepoint (normal execution)

VM Mutex/Monitor currently owned by a thread:  ([mutex/lock_event])
[0x00007ffd31c985b8] Threads_lock - owner thread: 0x000001c37cb7a200
[0x00007ffd31c986b8] Heap_lock - owner thread: 0x000001c37f86e910

Heap address: 0x0000000600000000, size: 8192 MB, Compressed Oops mode: Zero based, Oop shift amount: 3

CDS archive(s) not mapped
Compressed class space mapped at: 0x0000000800000000-0x0000000840000000, reserved size: 1073741824
Narrow klass base: 0x0000000800000000, Narrow klass shift: 0, Narrow klass range: 0x40000000

GC Precious Log:
 CardTable entry size: 512
 Card Set container configuration: InlinePtr #cards 4 size 8 Array Of Cards #cards 32 size 80 Howl #buckets 8 coarsen threshold 7372 Howl Bitmap #cards 1024 size 144 coarsen threshold 921 Card regions per heap region 1 cards per card region 8192
 CPUs: 4 total, 4 available
 Memory: 3979M
 Large Page Support: Disabled
 NUMA Support: Disabled
 Compressed Oops: Enabled (Zero based)
 Heap Region Size: 4M
 Heap Min Capacity: 8M
 Heap Initial Capacity: 64M
 Heap Max Capacity: 8G
 Pre-touch: Disabled
 Parallel Workers: 4
 Concurrent Workers: 1
 Concurrent Refinement Workers: 4
 Periodic GC: Disabled

Heap:
 garbage-first heap   total 1777664K, used 161902K [0x0000000600000000, 0x0000000800000000)
  region size 4096K, 2 young (8192K), 2 survivors (8192K)
 Metaspace       used 146321K, committed 148352K, reserved 1179648K
  class space    used 18878K, committed 19840K, reserved 1048576K

Heap Regions: E=young(eden), S=young(survivor), O=old, HS=humongous(starts), HC=humongous(continues), CS=collection set, F=free, TAMS=top-at-mark-start, PB=parsable bottom
|   0|0x0000000600000000, 0x0000000600400000, 0x0000000600400000|100%|HS|  |TAMS 0x0000000600000000| PB 0x0000000600000000| Complete 
|   1|0x0000000600400000, 0x0000000600800000, 0x0000000600800000|100%| O|  |TAMS 0x0000000600400000| PB 0x0000000600400000| Untracked 
|   2|0x0000000600800000, 0x0000000600c00000, 0x0000000600c00000|100%| O|  |TAMS 0x0000000600800000| PB 0x0000000600800000| Untracked 
|   3|0x0000000600c00000, 0x0000000601000000, 0x0000000601000000|100%| O|  |TAMS 0x0000000600c00000| PB 0x0000000600c00000| Untracked 
|   4|0x0000000601000000, 0x0000000601400000, 0x0000000601400000|100%| O|  |TAMS 0x0000000601000000| PB 0x0000000601000000| Untracked 
|   5|0x0000000601400000, 0x0000000601800000, 0x0000000601800000|100%| O|  |TAMS 0x0000000601400000| PB 0x0000000601400000| Untracked 
|   6|0x0000000601800000, 0x0000000601c00000, 0x0000000601c00000|100%| O|  |TAMS 0x0000000601800000| PB 0x0000000601800000| Untracked 
|   7|0x0000000601c00000, 0x0000000602000000, 0x0000000602000000|100%| O|  |TAMS 0x0000000601c00000| PB 0x0000000601c00000| Untracked 
|   8|0x0000000602000000, 0x0000000602400000, 0x0000000602400000|100%| O|  |TAMS 0x0000000602000000| PB 0x0000000602000000| Untracked 
|   9|0x0000000602400000, 0x0000000602800000, 0x0000000602800000|100%| O|  |TAMS 0x0000000602400000| PB 0x0000000602400000| Untracked 
|  10|0x0000000602800000, 0x0000000602c00000, 0x0000000602c00000|100%| O|  |TAMS 0x0000000602800000| PB 0x0000000602800000| Untracked 
|  11|0x0000000602c00000, 0x0000000603000000, 0x0000000603000000|100%| O|  |TAMS 0x0000000602c00000| PB 0x0000000602c00000| Untracked 
|  12|0x0000000603000000, 0x0000000603216f10, 0x0000000603400000| 52%| O|  |TAMS 0x0000000603000000| PB 0x0000000603000000| Untracked 
|  13|0x0000000603400000, 0x0000000603800000, 0x0000000603800000|100%| O|  |TAMS 0x0000000603400000| PB 0x0000000603400000| Untracked 
|  14|0x0000000603800000, 0x0000000603c00000, 0x0000000603c00000|100%|HS|  |TAMS 0x0000000603800000| PB 0x0000000603800000| Complete 
|  15|0x0000000603c00000, 0x0000000604000000, 0x0000000604000000|100%|HC|  |TAMS 0x0000000603c00000| PB 0x0000000603c00000| Complete 
|  16|0x0000000604000000, 0x0000000604400000, 0x0000000604400000|100%| O|  |TAMS 0x0000000604000000| PB 0x0000000604000000| Untracked 
|  17|0x0000000604400000, 0x0000000604800000, 0x0000000604800000|100%| O|  |TAMS 0x0000000604400000| PB 0x0000000604400000| Untracked 
|  18|0x0000000604800000, 0x0000000604c00000, 0x0000000604c00000|100%| O|  |TAMS 0x0000000604800000| PB 0x0000000604800000| Untracked 
|  19|0x0000000604c00000, 0x0000000605000000, 0x0000000605000000|100%| O|  |TAMS 0x0000000604c00000| PB 0x0000000604c00000| Untracked 
|  20|0x0000000605000000, 0x0000000605400000, 0x0000000605400000|100%| O|  |TAMS 0x0000000605000000| PB 0x0000000605000000| Untracked 
|  21|0x0000000605400000, 0x0000000605800000, 0x0000000605800000|100%| O|  |TAMS 0x0000000605400000| PB 0x0000000605400000| Untracked 
|  22|0x0000000605800000, 0x0000000605b72fc0, 0x0000000605c00000| 86%| O|  |TAMS 0x0000000605800000| PB 0x0000000605800000| Untracked 
|  23|0x0000000605c00000, 0x0000000606000000, 0x0000000606000000|100%| O|  |TAMS 0x0000000605c00000| PB 0x0000000605c00000| Untracked 
|  24|0x0000000606000000, 0x0000000606400000, 0x0000000606400000|100%| O|  |TAMS 0x0000000606000000| PB 0x0000000606000000| Untracked 
|  25|0x0000000606400000, 0x0000000606800000, 0x0000000606800000|100%| O|  |TAMS 0x0000000606400000| PB 0x0000000606400000| Untracked 
|  26|0x0000000606800000, 0x0000000606c00000, 0x0000000606c00000|100%| O|  |TAMS 0x0000000606800000| PB 0x0000000606800000| Untracked 
|  27|0x0000000606c00000, 0x0000000607000000, 0x0000000607000000|100%|HS|  |TAMS 0x0000000606c00000| PB 0x0000000606c00000| Complete 
|  28|0x0000000607000000, 0x0000000607400000, 0x0000000607400000|100%| O|  |TAMS 0x0000000607000000| PB 0x0000000607000000| Untracked 
|  29|0x0000000607400000, 0x0000000607800000, 0x0000000607800000|100%| O|  |TAMS 0x0000000607400000| PB 0x0000000607400000| Untracked 
|  30|0x0000000607800000, 0x0000000607c00000, 0x0000000607c00000|100%| O|  |TAMS 0x0000000607800000| PB 0x0000000607800000| Untracked 
|  31|0x0000000607c00000, 0x0000000608000000, 0x0000000608000000|100%| O|  |TAMS 0x0000000607c00000| PB 0x0000000607c00000| Untracked 
|  32|0x0000000608000000, 0x00000006082c8560, 0x0000000608400000| 69%| O|  |TAMS 0x0000000608000000| PB 0x0000000608000000| Untracked 
|  33|0x0000000608400000, 0x0000000608400000, 0x0000000608800000|  0%| F|  |TAMS 0x0000000608400000| PB 0x0000000608400000| Untracked 
|  34|0x0000000608800000, 0x0000000608c00000, 0x0000000608c00000|100%| O|  |TAMS 0x0000000608800000| PB 0x0000000608800000| Untracked 
|  35|0x0000000608c00000, 0x0000000609000000, 0x0000000609000000|100%| O|  |TAMS 0x0000000608c00000| PB 0x0000000608c00000| Untracked 
|  36|0x0000000609000000, 0x0000000609400000, 0x0000000609400000|100%| O|  |TAMS 0x0000000609000000| PB 0x0000000609000000| Untracked 
|  37|0x0000000609400000, 0x0000000609400000, 0x0000000609800000|  0%| F|  |TAMS 0x0000000609400000| PB 0x0000000609400000| Untracked 
|  38|0x0000000609800000, 0x0000000609c00000, 0x0000000609c00000|100%| O|  |TAMS 0x0000000609800000| PB 0x0000000609800000| Untracked 
|  39|0x0000000609c00000, 0x000000060a000000, 0x000000060a000000|100%| O|  |TAMS 0x0000000609c00000| PB 0x0000000609c00000| Untracked 
|  40|0x000000060a000000, 0x000000060a000000, 0x000000060a400000|  0%| F|  |TAMS 0x000000060a000000| PB 0x000000060a000000| Untracked 
|  41|0x000000060a400000, 0x000000060a400000, 0x000000060a800000|  0%| F|  |TAMS 0x000000060a400000| PB 0x000000060a400000| Untracked 
|  42|0x000000060a800000, 0x000000060a800000, 0x000000060ac00000|  0%| F|  |TAMS 0x000000060a800000| PB 0x000000060a800000| Untracked 
|  43|0x000000060ac00000, 0x000000060ac00000, 0x000000060b000000|  0%| F|  |TAMS 0x000000060ac00000| PB 0x000000060ac00000| Untracked 
|  44|0x000000060b000000, 0x000000060b000000, 0x000000060b400000|  0%| F|  |TAMS 0x000000060b000000| PB 0x000000060b000000| Untracked 
|  45|0x000000060b400000, 0x000000060b400000, 0x000000060b800000|  0%| F|  |TAMS 0x000000060b400000| PB 0x000000060b400000| Untracked 
|  46|0x000000060b800000, 0x000000060b800000, 0x000000060bc00000|  0%| F|  |TAMS 0x000000060b800000| PB 0x000000060b800000| Untracked 
|  47|0x000000060bc00000, 0x000000060bc00000, 0x000000060c000000|  0%| F|  |TAMS 0x000000060bc00000| PB 0x000000060bc00000| Untracked 
|  48|0x000000060c000000, 0x000000060c000000, 0x000000060c400000|  0%| F|  |TAMS 0x000000060c000000| PB 0x000000060c000000| Untracked 
|  49|0x000000060c400000, 0x000000060c400000, 0x000000060c800000|  0%| F|  |TAMS 0x000000060c400000| PB 0x000000060c400000| Untracked 
|  50|0x000000060c800000, 0x000000060c800000, 0x000000060cc00000|  0%| F|  |TAMS 0x000000060c800000| PB 0x000000060c800000| Untracked 
|  51|0x000000060cc00000, 0x000000060cc00000, 0x000000060d000000|  0%| F|  |TAMS 0x000000060cc00000| PB 0x000000060cc00000| Untracked 
|  52|0x000000060d000000, 0x000000060d000000, 0x000000060d400000|  0%| F|  |TAMS 0x000000060d000000| PB 0x000000060d000000| Untracked 
|  53|0x000000060d400000, 0x000000060d400000, 0x000000060d800000|  0%| F|  |TAMS 0x000000060d400000| PB 0x000000060d400000| Untracked 
|  54|0x000000060d800000, 0x000000060d800000, 0x000000060dc00000|  0%| F|  |TAMS 0x000000060d800000| PB 0x000000060d800000| Untracked 
|  55|0x000000060dc00000, 0x000000060dc00000, 0x000000060e000000|  0%| F|  |TAMS 0x000000060dc00000| PB 0x000000060dc00000| Untracked 
|  56|0x000000060e000000, 0x000000060e000000, 0x000000060e400000|  0%| F|  |TAMS 0x000000060e000000| PB 0x000000060e000000| Untracked 
|  57|0x000000060e400000, 0x000000060e400000, 0x000000060e800000|  0%| F|  |TAMS 0x000000060e400000| PB 0x000000060e400000| Untracked 
|  58|0x000000060e800000, 0x000000060e800000, 0x000000060ec00000|  0%| F|  |TAMS 0x000000060e800000| PB 0x000000060e800000| Untracked 
|  59|0x000000060ec00000, 0x000000060ec00000, 0x000000060f000000|  0%| F|  |TAMS 0x000000060ec00000| PB 0x000000060ec00000| Untracked 
|  60|0x000000060f000000, 0x000000060f000000, 0x000000060f400000|  0%| F|  |TAMS 0x000000060f000000| PB 0x000000060f000000| Untracked 
|  61|0x000000060f400000, 0x000000060f400000, 0x000000060f800000|  0%| F|  |TAMS 0x000000060f400000| PB 0x000000060f400000| Untracked 
|  62|0x000000060f800000, 0x000000060f800000, 0x000000060fc00000|  0%| F|  |TAMS 0x000000060f800000| PB 0x000000060f800000| Untracked 
|  63|0x000000060fc00000, 0x000000060fc00000, 0x0000000610000000|  0%| F|  |TAMS 0x000000060fc00000| PB 0x000000060fc00000| Untracked 
|  64|0x0000000610000000, 0x0000000610000000, 0x0000000610400000|  0%| F|  |TAMS 0x0000000610000000| PB 0x0000000610000000| Untracked 
|  65|0x0000000610400000, 0x0000000610400000, 0x0000000610800000|  0%| F|  |TAMS 0x0000000610400000| PB 0x0000000610400000| Untracked 
|  66|0x0000000610800000, 0x0000000610800000, 0x0000000610c00000|  0%| F|  |TAMS 0x0000000610800000| PB 0x0000000610800000| Untracked 
|  67|0x0000000610c00000, 0x0000000610c00000, 0x0000000611000000|  0%| F|  |TAMS 0x0000000610c00000| PB 0x0000000610c00000| Untracked 
|  68|0x0000000611000000, 0x0000000611000000, 0x0000000611400000|  0%| F|  |TAMS 0x0000000611000000| PB 0x0000000611000000| Untracked 
|  69|0x0000000611400000, 0x0000000611400000, 0x0000000611800000|  0%| F|  |TAMS 0x0000000611400000| PB 0x0000000611400000| Untracked 
|  70|0x0000000611800000, 0x0000000611800000, 0x0000000611c00000|  0%| F|  |TAMS 0x0000000611800000| PB 0x0000000611800000| Untracked 
|  71|0x0000000611c00000, 0x0000000611c00000, 0x0000000612000000|  0%| F|  |TAMS 0x0000000611c00000| PB 0x0000000611c00000| Untracked 
|  72|0x0000000612000000, 0x0000000612000000, 0x0000000612400000|  0%| F|  |TAMS 0x0000000612000000| PB 0x0000000612000000| Untracked 
|  73|0x0000000612400000, 0x0000000612400000, 0x0000000612800000|  0%| F|  |TAMS 0x0000000612400000| PB 0x0000000612400000| Untracked 
|  74|0x0000000612800000, 0x0000000612800000, 0x0000000612c00000|  0%| F|  |TAMS 0x0000000612800000| PB 0x0000000612800000| Untracked 
|  75|0x0000000612c00000, 0x0000000612c00000, 0x0000000613000000|  0%| F|  |TAMS 0x0000000612c00000| PB 0x0000000612c00000| Untracked 
|  76|0x0000000613000000, 0x0000000613000000, 0x0000000613400000|  0%| F|  |TAMS 0x0000000613000000| PB 0x0000000613000000| Untracked 
|  77|0x0000000613400000, 0x0000000613400000, 0x0000000613800000|  0%| F|  |TAMS 0x0000000613400000| PB 0x0000000613400000| Untracked 
|  78|0x0000000613800000, 0x0000000613800000, 0x0000000613c00000|  0%| F|  |TAMS 0x0000000613800000| PB 0x0000000613800000| Untracked 
|  79|0x0000000613c00000, 0x0000000613c00000, 0x0000000614000000|  0%| F|  |TAMS 0x0000000613c00000| PB 0x0000000613c00000| Untracked 
|  80|0x0000000614000000, 0x0000000614000000, 0x0000000614400000|  0%| F|  |TAMS 0x0000000614000000| PB 0x0000000614000000| Untracked 
|  81|0x0000000614400000, 0x0000000614400000, 0x0000000614800000|  0%| F|  |TAMS 0x0000000614400000| PB 0x0000000614400000| Untracked 
|  82|0x0000000614800000, 0x0000000614800000, 0x0000000614c00000|  0%| F|  |TAMS 0x0000000614800000| PB 0x0000000614800000| Untracked 
|  83|0x0000000614c00000, 0x0000000614c00000, 0x0000000615000000|  0%| F|  |TAMS 0x0000000614c00000| PB 0x0000000614c00000| Untracked 
|  84|0x0000000615000000, 0x0000000615000000, 0x0000000615400000|  0%| F|  |TAMS 0x0000000615000000| PB 0x0000000615000000| Untracked 
|  85|0x0000000615400000, 0x0000000615400000, 0x0000000615800000|  0%| F|  |TAMS 0x0000000615400000| PB 0x0000000615400000| Untracked 
|  86|0x0000000615800000, 0x0000000615800000, 0x0000000615c00000|  0%| F|  |TAMS 0x0000000615800000| PB 0x0000000615800000| Untracked 
|  87|0x0000000615c00000, 0x0000000615c00000, 0x0000000616000000|  0%| F|  |TAMS 0x0000000615c00000| PB 0x0000000615c00000| Untracked 
|  88|0x0000000616000000, 0x0000000616000000, 0x0000000616400000|  0%| F|  |TAMS 0x0000000616000000| PB 0x0000000616000000| Untracked 
|  89|0x0000000616400000, 0x0000000616400000, 0x0000000616800000|  0%| F|  |TAMS 0x0000000616400000| PB 0x0000000616400000| Untracked 
|  90|0x0000000616800000, 0x0000000616800000, 0x0000000616c00000|  0%| F|  |TAMS 0x0000000616800000| PB 0x0000000616800000| Untracked 
|  91|0x0000000616c00000, 0x0000000616c00000, 0x0000000617000000|  0%| F|  |TAMS 0x0000000616c00000| PB 0x0000000616c00000| Untracked 
|  92|0x0000000617000000, 0x0000000617000000, 0x0000000617400000|  0%| F|  |TAMS 0x0000000617000000| PB 0x0000000617000000| Untracked 
|  93|0x0000000617400000, 0x0000000617400000, 0x0000000617800000|  0%| F|  |TAMS 0x0000000617400000| PB 0x0000000617400000| Untracked 
|  94|0x0000000617800000, 0x0000000617800000, 0x0000000617c00000|  0%| F|  |TAMS 0x0000000617800000| PB 0x0000000617800000| Untracked 
|  95|0x0000000617c00000, 0x0000000617c00000, 0x0000000618000000|  0%| F|  |TAMS 0x0000000617c00000| PB 0x0000000617c00000| Untracked 
|  96|0x0000000618000000, 0x0000000618000000, 0x0000000618400000|  0%| F|  |TAMS 0x0000000618000000| PB 0x0000000618000000| Untracked 
|  97|0x0000000618400000, 0x0000000618400000, 0x0000000618800000|  0%| F|  |TAMS 0x0000000618400000| PB 0x0000000618400000| Untracked 
|  98|0x0000000618800000, 0x0000000618800000, 0x0000000618c00000|  0%| F|  |TAMS 0x0000000618800000| PB 0x0000000618800000| Untracked 
|  99|0x0000000618c00000, 0x0000000618c00000, 0x0000000619000000|  0%| F|  |TAMS 0x0000000618c00000| PB 0x0000000618c00000| Untracked 
| 100|0x0000000619000000, 0x0000000619000000, 0x0000000619400000|  0%| F|  |TAMS 0x0000000619000000| PB 0x0000000619000000| Untracked 
| 101|0x0000000619400000, 0x0000000619400000, 0x0000000619800000|  0%| F|  |TAMS 0x0000000619400000| PB 0x0000000619400000| Untracked 
| 102|0x0000000619800000, 0x0000000619800000, 0x0000000619c00000|  0%| F|  |TAMS 0x0000000619800000| PB 0x0000000619800000| Untracked 
| 103|0x0000000619c00000, 0x0000000619c00000, 0x000000061a000000|  0%| F|  |TAMS 0x0000000619c00000| PB 0x0000000619c00000| Untracked 
| 104|0x000000061a000000, 0x000000061a000000, 0x000000061a400000|  0%| F|  |TAMS 0x000000061a000000| PB 0x000000061a000000| Untracked 
| 105|0x000000061a400000, 0x000000061a400000, 0x000000061a800000|  0%| F|  |TAMS 0x000000061a400000| PB 0x000000061a400000| Untracked 
| 106|0x000000061a800000, 0x000000061a800000, 0x000000061ac00000|  0%| F|  |TAMS 0x000000061a800000| PB 0x000000061a800000| Untracked 
| 107|0x000000061ac00000, 0x000000061ac00000, 0x000000061b000000|  0%| F|  |TAMS 0x000000061ac00000| PB 0x000000061ac00000| Untracked 
| 108|0x000000061b000000, 0x000000061b000000, 0x000000061b400000|  0%| F|  |TAMS 0x000000061b000000| PB 0x000000061b000000| Untracked 
| 109|0x000000061b400000, 0x000000061b400000, 0x000000061b800000|  0%| F|  |TAMS 0x000000061b400000| PB 0x000000061b400000| Untracked 
| 110|0x000000061b800000, 0x000000061b800000, 0x000000061bc00000|  0%| F|  |TAMS 0x000000061b800000| PB 0x000000061b800000| Untracked 
| 111|0x000000061bc00000, 0x000000061bc00000, 0x000000061c000000|  0%| F|  |TAMS 0x000000061bc00000| PB 0x000000061bc00000| Untracked 
| 112|0x000000061c000000, 0x000000061c000000, 0x000000061c400000|  0%| F|  |TAMS 0x000000061c000000| PB 0x000000061c000000| Untracked 
| 113|0x000000061c400000, 0x000000061c400000, 0x000000061c800000|  0%| F|  |TAMS 0x000000061c400000| PB 0x000000061c400000| Untracked 
| 114|0x000000061c800000, 0x000000061c800000, 0x000000061cc00000|  0%| F|  |TAMS 0x000000061c800000| PB 0x000000061c800000| Untracked 
| 115|0x000000061cc00000, 0x000000061cc00000, 0x000000061d000000|  0%| F|  |TAMS 0x000000061cc00000| PB 0x000000061cc00000| Untracked 
| 116|0x000000061d000000, 0x000000061d000000, 0x000000061d400000|  0%| F|  |TAMS 0x000000061d000000| PB 0x000000061d000000| Untracked 
| 117|0x000000061d400000, 0x000000061d400000, 0x000000061d800000|  0%| F|  |TAMS 0x000000061d400000| PB 0x000000061d400000| Untracked 
| 118|0x000000061d800000, 0x000000061d800000, 0x000000061dc00000|  0%| F|  |TAMS 0x000000061d800000| PB 0x000000061d800000| Untracked 
| 119|0x000000061dc00000, 0x000000061dc00000, 0x000000061e000000|  0%| F|  |TAMS 0x000000061dc00000| PB 0x000000061dc00000| Untracked 
| 120|0x000000061e000000, 0x000000061e000000, 0x000000061e400000|  0%| F|  |TAMS 0x000000061e000000| PB 0x000000061e000000| Untracked 
| 121|0x000000061e400000, 0x000000061e400000, 0x000000061e800000|  0%| F|  |TAMS 0x000000061e400000| PB 0x000000061e400000| Untracked 
| 122|0x000000061e800000, 0x000000061e800000, 0x000000061ec00000|  0%| F|  |TAMS 0x000000061e800000| PB 0x000000061e800000| Untracked 
| 123|0x000000061ec00000, 0x000000061ec00000, 0x000000061f000000|  0%| F|  |TAMS 0x000000061ec00000| PB 0x000000061ec00000| Untracked 
| 124|0x000000061f000000, 0x000000061f000000, 0x000000061f400000|  0%| F|  |TAMS 0x000000061f000000| PB 0x000000061f000000| Untracked 
| 125|0x000000061f400000, 0x000000061f400000, 0x000000061f800000|  0%| F|  |TAMS 0x000000061f400000| PB 0x000000061f400000| Untracked 
| 126|0x000000061f800000, 0x000000061f800000, 0x000000061fc00000|  0%| F|  |TAMS 0x000000061f800000| PB 0x000000061f800000| Untracked 
| 127|0x000000061fc00000, 0x000000061fc00000, 0x0000000620000000|  0%| F|  |TAMS 0x000000061fc00000| PB 0x000000061fc00000| Untracked 
| 128|0x0000000620000000, 0x0000000620000000, 0x0000000620400000|  0%| F|  |TAMS 0x0000000620000000| PB 0x0000000620000000| Untracked 
| 129|0x0000000620400000, 0x0000000620400000, 0x0000000620800000|  0%| F|  |TAMS 0x0000000620400000| PB 0x0000000620400000| Untracked 
| 130|0x0000000620800000, 0x0000000620800000, 0x0000000620c00000|  0%| F|  |TAMS 0x0000000620800000| PB 0x0000000620800000| Untracked 
| 131|0x0000000620c00000, 0x0000000620c00000, 0x0000000621000000|  0%| F|  |TAMS 0x0000000620c00000| PB 0x0000000620c00000| Untracked 
| 132|0x0000000621000000, 0x0000000621000000, 0x0000000621400000|  0%| F|  |TAMS 0x0000000621000000| PB 0x0000000621000000| Untracked 
| 133|0x0000000621400000, 0x0000000621400000, 0x0000000621800000|  0%| F|  |TAMS 0x0000000621400000| PB 0x0000000621400000| Untracked 
| 134|0x0000000621800000, 0x0000000621800000, 0x0000000621c00000|  0%| F|  |TAMS 0x0000000621800000| PB 0x0000000621800000| Untracked 
| 135|0x0000000621c00000, 0x0000000621c00000, 0x0000000622000000|  0%| F|  |TAMS 0x0000000621c00000| PB 0x0000000621c00000| Untracked 
| 136|0x0000000622000000, 0x0000000622000000, 0x0000000622400000|  0%| F|  |TAMS 0x0000000622000000| PB 0x0000000622000000| Untracked 
| 137|0x0000000622400000, 0x0000000622400000, 0x0000000622800000|  0%| F|  |TAMS 0x0000000622400000| PB 0x0000000622400000| Untracked 
| 138|0x0000000622800000, 0x0000000622800000, 0x0000000622c00000|  0%| F|  |TAMS 0x0000000622800000| PB 0x0000000622800000| Untracked 
| 139|0x0000000622c00000, 0x0000000622c00000, 0x0000000623000000|  0%| F|  |TAMS 0x0000000622c00000| PB 0x0000000622c00000| Untracked 
| 140|0x0000000623000000, 0x0000000623000000, 0x0000000623400000|  0%| F|  |TAMS 0x0000000623000000| PB 0x0000000623000000| Untracked 
| 141|0x0000000623400000, 0x0000000623400000, 0x0000000623800000|  0%| F|  |TAMS 0x0000000623400000| PB 0x0000000623400000| Untracked 
| 142|0x0000000623800000, 0x0000000623800000, 0x0000000623c00000|  0%| F|  |TAMS 0x0000000623800000| PB 0x0000000623800000| Untracked 
| 143|0x0000000623c00000, 0x0000000623c00000, 0x0000000624000000|  0%| F|  |TAMS 0x0000000623c00000| PB 0x0000000623c00000| Untracked 
| 144|0x0000000624000000, 0x0000000624000000, 0x0000000624400000|  0%| F|  |TAMS 0x0000000624000000| PB 0x0000000624000000| Untracked 
| 145|0x0000000624400000, 0x0000000624400000, 0x0000000624800000|  0%| F|  |TAMS 0x0000000624400000| PB 0x0000000624400000| Untracked 
| 146|0x0000000624800000, 0x0000000624800000, 0x0000000624c00000|  0%| F|  |TAMS 0x0000000624800000| PB 0x0000000624800000| Untracked 
| 147|0x0000000624c00000, 0x0000000624c00000, 0x0000000625000000|  0%| F|  |TAMS 0x0000000624c00000| PB 0x0000000624c00000| Untracked 
| 148|0x0000000625000000, 0x0000000625000000, 0x0000000625400000|  0%| F|  |TAMS 0x0000000625000000| PB 0x0000000625000000| Untracked 
| 149|0x0000000625400000, 0x0000000625400000, 0x0000000625800000|  0%| F|  |TAMS 0x0000000625400000| PB 0x0000000625400000| Untracked 
| 150|0x0000000625800000, 0x0000000625800000, 0x0000000625c00000|  0%| F|  |TAMS 0x0000000625800000| PB 0x0000000625800000| Untracked 
| 151|0x0000000625c00000, 0x0000000625c00000, 0x0000000626000000|  0%| F|  |TAMS 0x0000000625c00000| PB 0x0000000625c00000| Untracked 
| 152|0x0000000626000000, 0x0000000626000000, 0x0000000626400000|  0%| F|  |TAMS 0x0000000626000000| PB 0x0000000626000000| Untracked 
| 153|0x0000000626400000, 0x0000000626400000, 0x0000000626800000|  0%| F|  |TAMS 0x0000000626400000| PB 0x0000000626400000| Untracked 
| 154|0x0000000626800000, 0x0000000626800000, 0x0000000626c00000|  0%| F|  |TAMS 0x0000000626800000| PB 0x0000000626800000| Untracked 
| 155|0x0000000626c00000, 0x0000000626c00000, 0x0000000627000000|  0%| F|  |TAMS 0x0000000626c00000| PB 0x0000000626c00000| Untracked 
| 156|0x0000000627000000, 0x0000000627000000, 0x0000000627400000|  0%| F|  |TAMS 0x0000000627000000| PB 0x0000000627000000| Untracked 
| 157|0x0000000627400000, 0x0000000627400000, 0x0000000627800000|  0%| F|  |TAMS 0x0000000627400000| PB 0x0000000627400000| Untracked 
| 158|0x0000000627800000, 0x0000000627800000, 0x0000000627c00000|  0%| F|  |TAMS 0x0000000627800000| PB 0x0000000627800000| Untracked 
| 159|0x0000000627c00000, 0x0000000627c00000, 0x0000000628000000|  0%| F|  |TAMS 0x0000000627c00000| PB 0x0000000627c00000| Untracked 
| 160|0x0000000628000000, 0x0000000628000000, 0x0000000628400000|  0%| F|  |TAMS 0x0000000628000000| PB 0x0000000628000000| Untracked 
| 161|0x0000000628400000, 0x0000000628400000, 0x0000000628800000|  0%| F|  |TAMS 0x0000000628400000| PB 0x0000000628400000| Untracked 
| 162|0x0000000628800000, 0x0000000628800000, 0x0000000628c00000|  0%| F|  |TAMS 0x0000000628800000| PB 0x0000000628800000| Untracked 
| 163|0x0000000628c00000, 0x0000000628c00000, 0x0000000629000000|  0%| F|  |TAMS 0x0000000628c00000| PB 0x0000000628c00000| Untracked 
| 164|0x0000000629000000, 0x0000000629000000, 0x0000000629400000|  0%| F|  |TAMS 0x0000000629000000| PB 0x0000000629000000| Untracked 
| 165|0x0000000629400000, 0x0000000629400000, 0x0000000629800000|  0%| F|  |TAMS 0x0000000629400000| PB 0x0000000629400000| Untracked 
| 166|0x0000000629800000, 0x0000000629800000, 0x0000000629c00000|  0%| F|  |TAMS 0x0000000629800000| PB 0x0000000629800000| Untracked 
| 167|0x0000000629c00000, 0x0000000629c00000, 0x000000062a000000|  0%| F|  |TAMS 0x0000000629c00000| PB 0x0000000629c00000| Untracked 
| 168|0x000000062a000000, 0x000000062a000000, 0x000000062a400000|  0%| F|  |TAMS 0x000000062a000000| PB 0x000000062a000000| Untracked 
| 169|0x000000062a400000, 0x000000062a400000, 0x000000062a800000|  0%| F|  |TAMS 0x000000062a400000| PB 0x000000062a400000| Untracked 
| 170|0x000000062a800000, 0x000000062a800000, 0x000000062ac00000|  0%| F|  |TAMS 0x000000062a800000| PB 0x000000062a800000| Untracked 
| 171|0x000000062ac00000, 0x000000062ac00000, 0x000000062b000000|  0%| F|  |TAMS 0x000000062ac00000| PB 0x000000062ac00000| Untracked 
| 172|0x000000062b000000, 0x000000062b000000, 0x000000062b400000|  0%| F|  |TAMS 0x000000062b000000| PB 0x000000062b000000| Untracked 
| 173|0x000000062b400000, 0x000000062b400000, 0x000000062b800000|  0%| F|  |TAMS 0x000000062b400000| PB 0x000000062b400000| Untracked 
| 174|0x000000062b800000, 0x000000062b800000, 0x000000062bc00000|  0%| F|  |TAMS 0x000000062b800000| PB 0x000000062b800000| Untracked 
| 175|0x000000062bc00000, 0x000000062bc00000, 0x000000062c000000|  0%| F|  |TAMS 0x000000062bc00000| PB 0x000000062bc00000| Untracked 
| 176|0x000000062c000000, 0x000000062c000000, 0x000000062c400000|  0%| F|  |TAMS 0x000000062c000000| PB 0x000000062c000000| Untracked 
| 177|0x000000062c400000, 0x000000062c400000, 0x000000062c800000|  0%| F|  |TAMS 0x000000062c400000| PB 0x000000062c400000| Untracked 
| 178|0x000000062c800000, 0x000000062c800000, 0x000000062cc00000|  0%| F|  |TAMS 0x000000062c800000| PB 0x000000062c800000| Untracked 
| 179|0x000000062cc00000, 0x000000062cc00000, 0x000000062d000000|  0%| F|  |TAMS 0x000000062cc00000| PB 0x000000062cc00000| Untracked 
| 180|0x000000062d000000, 0x000000062d000000, 0x000000062d400000|  0%| F|  |TAMS 0x000000062d000000| PB 0x000000062d000000| Untracked 
| 181|0x000000062d400000, 0x000000062d400000, 0x000000062d800000|  0%| F|  |TAMS 0x000000062d400000| PB 0x000000062d400000| Untracked 
| 182|0x000000062d800000, 0x000000062d800000, 0x000000062dc00000|  0%| F|  |TAMS 0x000000062d800000| PB 0x000000062d800000| Untracked 
| 183|0x000000062dc00000, 0x000000062dc00000, 0x000000062e000000|  0%| F|  |TAMS 0x000000062dc00000| PB 0x000000062dc00000| Untracked 
| 184|0x000000062e000000, 0x000000062e000000, 0x000000062e400000|  0%| F|  |TAMS 0x000000062e000000| PB 0x000000062e000000| Untracked 
| 185|0x000000062e400000, 0x000000062e400000, 0x000000062e800000|  0%| F|  |TAMS 0x000000062e400000| PB 0x000000062e400000| Untracked 
| 186|0x000000062e800000, 0x000000062e800000, 0x000000062ec00000|  0%| F|  |TAMS 0x000000062e800000| PB 0x000000062e800000| Untracked 
| 187|0x000000062ec00000, 0x000000062ec00000, 0x000000062f000000|  0%| F|  |TAMS 0x000000062ec00000| PB 0x000000062ec00000| Untracked 
| 188|0x000000062f000000, 0x000000062f000000, 0x000000062f400000|  0%| F|  |TAMS 0x000000062f000000| PB 0x000000062f000000| Untracked 
| 189|0x000000062f400000, 0x000000062f400000, 0x000000062f800000|  0%| F|  |TAMS 0x000000062f400000| PB 0x000000062f400000| Untracked 
| 190|0x000000062f800000, 0x000000062f800000, 0x000000062fc00000|  0%| F|  |TAMS 0x000000062f800000| PB 0x000000062f800000| Untracked 
| 191|0x000000062fc00000, 0x000000062fc00000, 0x0000000630000000|  0%| F|  |TAMS 0x000000062fc00000| PB 0x000000062fc00000| Untracked 
| 192|0x0000000630000000, 0x0000000630000000, 0x0000000630400000|  0%| F|  |TAMS 0x0000000630000000| PB 0x0000000630000000| Untracked 
| 193|0x0000000630400000, 0x0000000630400000, 0x0000000630800000|  0%| F|  |TAMS 0x0000000630400000| PB 0x0000000630400000| Untracked 
| 194|0x0000000630800000, 0x0000000630800000, 0x0000000630c00000|  0%| F|  |TAMS 0x0000000630800000| PB 0x0000000630800000| Untracked 
| 195|0x0000000630c00000, 0x0000000630c00000, 0x0000000631000000|  0%| F|  |TAMS 0x0000000630c00000| PB 0x0000000630c00000| Untracked 
| 196|0x0000000631000000, 0x0000000631000000, 0x0000000631400000|  0%| F|  |TAMS 0x0000000631000000| PB 0x0000000631000000| Untracked 
| 197|0x0000000631400000, 0x0000000631400000, 0x0000000631800000|  0%| F|  |TAMS 0x0000000631400000| PB 0x0000000631400000| Untracked 
| 198|0x0000000631800000, 0x0000000631800000, 0x0000000631c00000|  0%| F|  |TAMS 0x0000000631800000| PB 0x0000000631800000| Untracked 
| 199|0x0000000631c00000, 0x0000000631c00000, 0x0000000632000000|  0%| F|  |TAMS 0x0000000631c00000| PB 0x0000000631c00000| Untracked 
| 200|0x0000000632000000, 0x0000000632000000, 0x0000000632400000|  0%| F|  |TAMS 0x0000000632000000| PB 0x0000000632000000| Untracked 
| 201|0x0000000632400000, 0x0000000632400000, 0x0000000632800000|  0%| F|  |TAMS 0x0000000632400000| PB 0x0000000632400000| Untracked 
| 202|0x0000000632800000, 0x0000000632800000, 0x0000000632c00000|  0%| F|  |TAMS 0x0000000632800000| PB 0x0000000632800000| Untracked 
| 203|0x0000000632c00000, 0x0000000632c00000, 0x0000000633000000|  0%| F|  |TAMS 0x0000000632c00000| PB 0x0000000632c00000| Untracked 
| 204|0x0000000633000000, 0x0000000633000000, 0x0000000633400000|  0%| F|  |TAMS 0x0000000633000000| PB 0x0000000633000000| Untracked 
| 205|0x0000000633400000, 0x0000000633400000, 0x0000000633800000|  0%| F|  |TAMS 0x0000000633400000| PB 0x0000000633400000| Untracked 
| 206|0x0000000633800000, 0x0000000633800000, 0x0000000633c00000|  0%| F|  |TAMS 0x0000000633800000| PB 0x0000000633800000| Untracked 
| 207|0x0000000633c00000, 0x0000000633c00000, 0x0000000634000000|  0%| F|  |TAMS 0x0000000633c00000| PB 0x0000000633c00000| Untracked 
| 208|0x0000000634000000, 0x0000000634000000, 0x0000000634400000|  0%| F|  |TAMS 0x0000000634000000| PB 0x0000000634000000| Untracked 
| 209|0x0000000634400000, 0x0000000634400000, 0x0000000634800000|  0%| F|  |TAMS 0x0000000634400000| PB 0x0000000634400000| Untracked 
| 210|0x0000000634800000, 0x0000000634800000, 0x0000000634c00000|  0%| F|  |TAMS 0x0000000634800000| PB 0x0000000634800000| Untracked 
| 211|0x0000000634c00000, 0x0000000634c00000, 0x0000000635000000|  0%| F|  |TAMS 0x0000000634c00000| PB 0x0000000634c00000| Untracked 
| 212|0x0000000635000000, 0x0000000635000000, 0x0000000635400000|  0%| F|  |TAMS 0x0000000635000000| PB 0x0000000635000000| Untracked 
| 213|0x0000000635400000, 0x0000000635400000, 0x0000000635800000|  0%| F|  |TAMS 0x0000000635400000| PB 0x0000000635400000| Untracked 
| 214|0x0000000635800000, 0x0000000635800000, 0x0000000635c00000|  0%| F|  |TAMS 0x0000000635800000| PB 0x0000000635800000| Untracked 
| 215|0x0000000635c00000, 0x0000000635c00000, 0x0000000636000000|  0%| F|  |TAMS 0x0000000635c00000| PB 0x0000000635c00000| Untracked 
| 216|0x0000000636000000, 0x0000000636000000, 0x0000000636400000|  0%| F|  |TAMS 0x0000000636000000| PB 0x0000000636000000| Untracked 
| 217|0x0000000636400000, 0x0000000636400000, 0x0000000636800000|  0%| F|  |TAMS 0x0000000636400000| PB 0x0000000636400000| Untracked 
| 218|0x0000000636800000, 0x0000000636800000, 0x0000000636c00000|  0%| F|  |TAMS 0x0000000636800000| PB 0x0000000636800000| Untracked 
| 219|0x0000000636c00000, 0x0000000636c00000, 0x0000000637000000|  0%| F|  |TAMS 0x0000000636c00000| PB 0x0000000636c00000| Untracked 
| 220|0x0000000637000000, 0x0000000637000000, 0x0000000637400000|  0%| F|  |TAMS 0x0000000637000000| PB 0x0000000637000000| Untracked 
| 221|0x0000000637400000, 0x0000000637400000, 0x0000000637800000|  0%| F|  |TAMS 0x0000000637400000| PB 0x0000000637400000| Untracked 
| 222|0x0000000637800000, 0x0000000637800000, 0x0000000637c00000|  0%| F|  |TAMS 0x0000000637800000| PB 0x0000000637800000| Untracked 
| 223|0x0000000637c00000, 0x0000000637c00000, 0x0000000638000000|  0%| F|  |TAMS 0x0000000637c00000| PB 0x0000000637c00000| Untracked 
| 224|0x0000000638000000, 0x0000000638000000, 0x0000000638400000|  0%| F|  |TAMS 0x0000000638000000| PB 0x0000000638000000| Untracked 
| 225|0x0000000638400000, 0x0000000638400000, 0x0000000638800000|  0%| F|  |TAMS 0x0000000638400000| PB 0x0000000638400000| Untracked 
| 226|0x0000000638800000, 0x0000000638800000, 0x0000000638c00000|  0%| F|  |TAMS 0x0000000638800000| PB 0x0000000638800000| Untracked 
| 227|0x0000000638c00000, 0x0000000638c00000, 0x0000000639000000|  0%| F|  |TAMS 0x0000000638c00000| PB 0x0000000638c00000| Untracked 
| 228|0x0000000639000000, 0x0000000639000000, 0x0000000639400000|  0%| F|  |TAMS 0x0000000639000000| PB 0x0000000639000000| Untracked 
| 229|0x0000000639400000, 0x0000000639400000, 0x0000000639800000|  0%| F|  |TAMS 0x0000000639400000| PB 0x0000000639400000| Untracked 
| 230|0x0000000639800000, 0x0000000639800000, 0x0000000639c00000|  0%| F|  |TAMS 0x0000000639800000| PB 0x0000000639800000| Untracked 
| 231|0x0000000639c00000, 0x0000000639c00000, 0x000000063a000000|  0%| F|  |TAMS 0x0000000639c00000| PB 0x0000000639c00000| Untracked 
| 232|0x000000063a000000, 0x000000063a000000, 0x000000063a400000|  0%| F|  |TAMS 0x000000063a000000| PB 0x000000063a000000| Untracked 
| 233|0x000000063a400000, 0x000000063a400000, 0x000000063a800000|  0%| F|  |TAMS 0x000000063a400000| PB 0x000000063a400000| Untracked 
| 234|0x000000063a800000, 0x000000063a800000, 0x000000063ac00000|  0%| F|  |TAMS 0x000000063a800000| PB 0x000000063a800000| Untracked 
| 235|0x000000063ac00000, 0x000000063ac00000, 0x000000063b000000|  0%| F|  |TAMS 0x000000063ac00000| PB 0x000000063ac00000| Untracked 
| 236|0x000000063b000000, 0x000000063b000000, 0x000000063b400000|  0%| F|  |TAMS 0x000000063b000000| PB 0x000000063b000000| Untracked 
| 237|0x000000063b400000, 0x000000063b400000, 0x000000063b800000|  0%| F|  |TAMS 0x000000063b400000| PB 0x000000063b400000| Untracked 
| 238|0x000000063b800000, 0x000000063b800000, 0x000000063bc00000|  0%| F|  |TAMS 0x000000063b800000| PB 0x000000063b800000| Untracked 
| 239|0x000000063bc00000, 0x000000063bc00000, 0x000000063c000000|  0%| F|  |TAMS 0x000000063bc00000| PB 0x000000063bc00000| Untracked 
| 240|0x000000063c000000, 0x000000063c000000, 0x000000063c400000|  0%| F|  |TAMS 0x000000063c000000| PB 0x000000063c000000| Untracked 
| 241|0x000000063c400000, 0x000000063c400000, 0x000000063c800000|  0%| F|  |TAMS 0x000000063c400000| PB 0x000000063c400000| Untracked 
| 242|0x000000063c800000, 0x000000063c800000, 0x000000063cc00000|  0%| F|  |TAMS 0x000000063c800000| PB 0x000000063c800000| Untracked 
| 243|0x000000063cc00000, 0x000000063cc00000, 0x000000063d000000|  0%| F|  |TAMS 0x000000063cc00000| PB 0x000000063cc00000| Untracked 
| 244|0x000000063d000000, 0x000000063d000000, 0x000000063d400000|  0%| F|  |TAMS 0x000000063d000000| PB 0x000000063d000000| Untracked 
| 245|0x000000063d400000, 0x000000063d400000, 0x000000063d800000|  0%| F|  |TAMS 0x000000063d400000| PB 0x000000063d400000| Untracked 
| 246|0x000000063d800000, 0x000000063d800000, 0x000000063dc00000|  0%| F|  |TAMS 0x000000063d800000| PB 0x000000063d800000| Untracked 
| 247|0x000000063dc00000, 0x000000063dc00000, 0x000000063e000000|  0%| F|  |TAMS 0x000000063dc00000| PB 0x000000063dc00000| Untracked 
| 248|0x000000063e000000, 0x000000063e000000, 0x000000063e400000|  0%| F|  |TAMS 0x000000063e000000| PB 0x000000063e000000| Untracked 
| 249|0x000000063e400000, 0x000000063e400000, 0x000000063e800000|  0%| F|  |TAMS 0x000000063e400000| PB 0x000000063e400000| Untracked 
| 250|0x000000063e800000, 0x000000063e800000, 0x000000063ec00000|  0%| F|  |TAMS 0x000000063e800000| PB 0x000000063e800000| Untracked 
| 251|0x000000063ec00000, 0x000000063ec00000, 0x000000063f000000|  0%| F|  |TAMS 0x000000063ec00000| PB 0x000000063ec00000| Untracked 
| 252|0x000000063f000000, 0x000000063f000000, 0x000000063f400000|  0%| F|  |TAMS 0x000000063f000000| PB 0x000000063f000000| Untracked 
| 253|0x000000063f400000, 0x000000063f400000, 0x000000063f800000|  0%| F|  |TAMS 0x000000063f400000| PB 0x000000063f400000| Untracked 
| 254|0x000000063f800000, 0x000000063f800000, 0x000000063fc00000|  0%| F|  |TAMS 0x000000063f800000| PB 0x000000063f800000| Untracked 
| 255|0x000000063fc00000, 0x000000063fc00000, 0x0000000640000000|  0%| F|  |TAMS 0x000000063fc00000| PB 0x000000063fc00000| Untracked 
| 256|0x0000000640000000, 0x0000000640000000, 0x0000000640400000|  0%| F|  |TAMS 0x0000000640000000| PB 0x0000000640000000| Untracked 
| 257|0x0000000640400000, 0x0000000640400000, 0x0000000640800000|  0%| F|  |TAMS 0x0000000640400000| PB 0x0000000640400000| Untracked 
| 258|0x0000000640800000, 0x0000000640800000, 0x0000000640c00000|  0%| F|  |TAMS 0x0000000640800000| PB 0x0000000640800000| Untracked 
| 259|0x0000000640c00000, 0x0000000640c00000, 0x0000000641000000|  0%| F|  |TAMS 0x0000000640c00000| PB 0x0000000640c00000| Untracked 
| 260|0x0000000641000000, 0x0000000641000000, 0x0000000641400000|  0%| F|  |TAMS 0x0000000641000000| PB 0x0000000641000000| Untracked 
| 261|0x0000000641400000, 0x0000000641400000, 0x0000000641800000|  0%| F|  |TAMS 0x0000000641400000| PB 0x0000000641400000| Untracked 
| 262|0x0000000641800000, 0x0000000641800000, 0x0000000641c00000|  0%| F|  |TAMS 0x0000000641800000| PB 0x0000000641800000| Untracked 
| 263|0x0000000641c00000, 0x0000000641c00000, 0x0000000642000000|  0%| F|  |TAMS 0x0000000641c00000| PB 0x0000000641c00000| Untracked 
| 264|0x0000000642000000, 0x0000000642000000, 0x0000000642400000|  0%| F|  |TAMS 0x0000000642000000| PB 0x0000000642000000| Untracked 
| 265|0x0000000642400000, 0x0000000642400000, 0x0000000642800000|  0%| F|  |TAMS 0x0000000642400000| PB 0x0000000642400000| Untracked 
| 266|0x0000000642800000, 0x0000000642800000, 0x0000000642c00000|  0%| F|  |TAMS 0x0000000642800000| PB 0x0000000642800000| Untracked 
| 267|0x0000000642c00000, 0x0000000642c00000, 0x0000000643000000|  0%| F|  |TAMS 0x0000000642c00000| PB 0x0000000642c00000| Untracked 
| 268|0x0000000643000000, 0x0000000643000000, 0x0000000643400000|  0%| F|  |TAMS 0x0000000643000000| PB 0x0000000643000000| Untracked 
| 269|0x0000000643400000, 0x0000000643400000, 0x0000000643800000|  0%| F|  |TAMS 0x0000000643400000| PB 0x0000000643400000| Untracked 
| 270|0x0000000643800000, 0x0000000643800000, 0x0000000643c00000|  0%| F|  |TAMS 0x0000000643800000| PB 0x0000000643800000| Untracked 
| 271|0x0000000643c00000, 0x0000000643c00000, 0x0000000644000000|  0%| F|  |TAMS 0x0000000643c00000| PB 0x0000000643c00000| Untracked 
| 272|0x0000000644000000, 0x0000000644000000, 0x0000000644400000|  0%| F|  |TAMS 0x0000000644000000| PB 0x0000000644000000| Untracked 
| 273|0x0000000644400000, 0x0000000644400000, 0x0000000644800000|  0%| F|  |TAMS 0x0000000644400000| PB 0x0000000644400000| Untracked 
| 274|0x0000000644800000, 0x0000000644800000, 0x0000000644c00000|  0%| F|  |TAMS 0x0000000644800000| PB 0x0000000644800000| Untracked 
| 275|0x0000000644c00000, 0x0000000644c00000, 0x0000000645000000|  0%| F|  |TAMS 0x0000000644c00000| PB 0x0000000644c00000| Untracked 
| 276|0x0000000645000000, 0x0000000645000000, 0x0000000645400000|  0%| F|  |TAMS 0x0000000645000000| PB 0x0000000645000000| Untracked 
| 277|0x0000000645400000, 0x0000000645400000, 0x0000000645800000|  0%| F|  |TAMS 0x0000000645400000| PB 0x0000000645400000| Untracked 
| 278|0x0000000645800000, 0x0000000645800000, 0x0000000645c00000|  0%| F|  |TAMS 0x0000000645800000| PB 0x0000000645800000| Untracked 
| 279|0x0000000645c00000, 0x0000000645c00000, 0x0000000646000000|  0%| F|  |TAMS 0x0000000645c00000| PB 0x0000000645c00000| Untracked 
| 280|0x0000000646000000, 0x0000000646000000, 0x0000000646400000|  0%| F|  |TAMS 0x0000000646000000| PB 0x0000000646000000| Untracked 
| 281|0x0000000646400000, 0x0000000646400000, 0x0000000646800000|  0%| F|  |TAMS 0x0000000646400000| PB 0x0000000646400000| Untracked 
| 282|0x0000000646800000, 0x0000000646800000, 0x0000000646c00000|  0%| F|  |TAMS 0x0000000646800000| PB 0x0000000646800000| Untracked 
| 283|0x0000000646c00000, 0x0000000646c00000, 0x0000000647000000|  0%| F|  |TAMS 0x0000000646c00000| PB 0x0000000646c00000| Untracked 
| 284|0x0000000647000000, 0x0000000647000000, 0x0000000647400000|  0%| F|  |TAMS 0x0000000647000000| PB 0x0000000647000000| Untracked 
| 285|0x0000000647400000, 0x0000000647400000, 0x0000000647800000|  0%| F|  |TAMS 0x0000000647400000| PB 0x0000000647400000| Untracked 
| 286|0x0000000647800000, 0x0000000647800000, 0x0000000647c00000|  0%| F|  |TAMS 0x0000000647800000| PB 0x0000000647800000| Untracked 
| 287|0x0000000647c00000, 0x0000000647c00000, 0x0000000648000000|  0%| F|  |TAMS 0x0000000647c00000| PB 0x0000000647c00000| Untracked 
| 288|0x0000000648000000, 0x0000000648000000, 0x0000000648400000|  0%| F|  |TAMS 0x0000000648000000| PB 0x0000000648000000| Untracked 
| 289|0x0000000648400000, 0x0000000648400000, 0x0000000648800000|  0%| F|  |TAMS 0x0000000648400000| PB 0x0000000648400000| Untracked 
| 290|0x0000000648800000, 0x0000000648800000, 0x0000000648c00000|  0%| F|  |TAMS 0x0000000648800000| PB 0x0000000648800000| Untracked 
| 291|0x0000000648c00000, 0x0000000648c00000, 0x0000000649000000|  0%| F|  |TAMS 0x0000000648c00000| PB 0x0000000648c00000| Untracked 
| 292|0x0000000649000000, 0x0000000649000000, 0x0000000649400000|  0%| F|  |TAMS 0x0000000649000000| PB 0x0000000649000000| Untracked 
| 293|0x0000000649400000, 0x0000000649400000, 0x0000000649800000|  0%| F|  |TAMS 0x0000000649400000| PB 0x0000000649400000| Untracked 
| 294|0x0000000649800000, 0x0000000649800000, 0x0000000649c00000|  0%| F|  |TAMS 0x0000000649800000| PB 0x0000000649800000| Untracked 
| 295|0x0000000649c00000, 0x0000000649c00000, 0x000000064a000000|  0%| F|  |TAMS 0x0000000649c00000| PB 0x0000000649c00000| Untracked 
| 296|0x000000064a000000, 0x000000064a000000, 0x000000064a400000|  0%| F|  |TAMS 0x000000064a000000| PB 0x000000064a000000| Untracked 
| 297|0x000000064a400000, 0x000000064a400000, 0x000000064a800000|  0%| F|  |TAMS 0x000000064a400000| PB 0x000000064a400000| Untracked 
| 298|0x000000064a800000, 0x000000064a800000, 0x000000064ac00000|  0%| F|  |TAMS 0x000000064a800000| PB 0x000000064a800000| Untracked 
| 299|0x000000064ac00000, 0x000000064ac00000, 0x000000064b000000|  0%| F|  |TAMS 0x000000064ac00000| PB 0x000000064ac00000| Untracked 
| 300|0x000000064b000000, 0x000000064b000000, 0x000000064b400000|  0%| F|  |TAMS 0x000000064b000000| PB 0x000000064b000000| Untracked 
| 301|0x000000064b400000, 0x000000064b400000, 0x000000064b800000|  0%| F|  |TAMS 0x000000064b400000| PB 0x000000064b400000| Untracked 
| 302|0x000000064b800000, 0x000000064b800000, 0x000000064bc00000|  0%| F|  |TAMS 0x000000064b800000| PB 0x000000064b800000| Untracked 
| 303|0x000000064bc00000, 0x000000064bc00000, 0x000000064c000000|  0%| F|  |TAMS 0x000000064bc00000| PB 0x000000064bc00000| Untracked 
| 304|0x000000064c000000, 0x000000064c000000, 0x000000064c400000|  0%| F|  |TAMS 0x000000064c000000| PB 0x000000064c000000| Untracked 
| 305|0x000000064c400000, 0x000000064c400000, 0x000000064c800000|  0%| F|  |TAMS 0x000000064c400000| PB 0x000000064c400000| Untracked 
| 306|0x000000064c800000, 0x000000064c800000, 0x000000064cc00000|  0%| F|  |TAMS 0x000000064c800000| PB 0x000000064c800000| Untracked 
| 307|0x000000064cc00000, 0x000000064cc00000, 0x000000064d000000|  0%| F|  |TAMS 0x000000064cc00000| PB 0x000000064cc00000| Untracked 
| 308|0x000000064d000000, 0x000000064d000000, 0x000000064d400000|  0%| F|  |TAMS 0x000000064d000000| PB 0x000000064d000000| Untracked 
| 309|0x000000064d400000, 0x000000064d400000, 0x000000064d800000|  0%| F|  |TAMS 0x000000064d400000| PB 0x000000064d400000| Untracked 
| 310|0x000000064d800000, 0x000000064d800000, 0x000000064dc00000|  0%| F|  |TAMS 0x000000064d800000| PB 0x000000064d800000| Untracked 
| 311|0x000000064dc00000, 0x000000064dc00000, 0x000000064e000000|  0%| F|  |TAMS 0x000000064dc00000| PB 0x000000064dc00000| Untracked 
| 312|0x000000064e000000, 0x000000064e000000, 0x000000064e400000|  0%| F|  |TAMS 0x000000064e000000| PB 0x000000064e000000| Untracked 
| 313|0x000000064e400000, 0x000000064e400000, 0x000000064e800000|  0%| F|  |TAMS 0x000000064e400000| PB 0x000000064e400000| Untracked 
| 314|0x000000064e800000, 0x000000064e800000, 0x000000064ec00000|  0%| F|  |TAMS 0x000000064e800000| PB 0x000000064e800000| Untracked 
| 315|0x000000064ec00000, 0x000000064ec00000, 0x000000064f000000|  0%| F|  |TAMS 0x000000064ec00000| PB 0x000000064ec00000| Untracked 
| 316|0x000000064f000000, 0x000000064f000000, 0x000000064f400000|  0%| F|  |TAMS 0x000000064f000000| PB 0x000000064f000000| Untracked 
| 317|0x000000064f400000, 0x000000064f400000, 0x000000064f800000|  0%| F|  |TAMS 0x000000064f400000| PB 0x000000064f400000| Untracked 
| 318|0x000000064f800000, 0x000000064f800000, 0x000000064fc00000|  0%| F|  |TAMS 0x000000064f800000| PB 0x000000064f800000| Untracked 
| 319|0x000000064fc00000, 0x000000064fc00000, 0x0000000650000000|  0%| F|  |TAMS 0x000000064fc00000| PB 0x000000064fc00000| Untracked 
| 320|0x0000000650000000, 0x0000000650000000, 0x0000000650400000|  0%| F|  |TAMS 0x0000000650000000| PB 0x0000000650000000| Untracked 
| 321|0x0000000650400000, 0x0000000650400000, 0x0000000650800000|  0%| F|  |TAMS 0x0000000650400000| PB 0x0000000650400000| Untracked 
| 322|0x0000000650800000, 0x0000000650800000, 0x0000000650c00000|  0%| F|  |TAMS 0x0000000650800000| PB 0x0000000650800000| Untracked 
| 323|0x0000000650c00000, 0x0000000650c00000, 0x0000000651000000|  0%| F|  |TAMS 0x0000000650c00000| PB 0x0000000650c00000| Untracked 
| 324|0x0000000651000000, 0x0000000651000000, 0x0000000651400000|  0%| F|  |TAMS 0x0000000651000000| PB 0x0000000651000000| Untracked 
| 325|0x0000000651400000, 0x0000000651400000, 0x0000000651800000|  0%| F|  |TAMS 0x0000000651400000| PB 0x0000000651400000| Untracked 
| 326|0x0000000651800000, 0x0000000651800000, 0x0000000651c00000|  0%| F|  |TAMS 0x0000000651800000| PB 0x0000000651800000| Untracked 
| 327|0x0000000651c00000, 0x0000000651c00000, 0x0000000652000000|  0%| F|  |TAMS 0x0000000651c00000| PB 0x0000000651c00000| Untracked 
| 328|0x0000000652000000, 0x0000000652000000, 0x0000000652400000|  0%| F|  |TAMS 0x0000000652000000| PB 0x0000000652000000| Untracked 
| 329|0x0000000652400000, 0x0000000652400000, 0x0000000652800000|  0%| F|  |TAMS 0x0000000652400000| PB 0x0000000652400000| Untracked 
| 330|0x0000000652800000, 0x0000000652800000, 0x0000000652c00000|  0%| F|  |TAMS 0x0000000652800000| PB 0x0000000652800000| Untracked 
| 331|0x0000000652c00000, 0x0000000652c00000, 0x0000000653000000|  0%| F|  |TAMS 0x0000000652c00000| PB 0x0000000652c00000| Untracked 
| 332|0x0000000653000000, 0x0000000653000000, 0x0000000653400000|  0%| F|  |TAMS 0x0000000653000000| PB 0x0000000653000000| Untracked 
| 333|0x0000000653400000, 0x0000000653400000, 0x0000000653800000|  0%| F|  |TAMS 0x0000000653400000| PB 0x0000000653400000| Untracked 
| 334|0x0000000653800000, 0x0000000653800000, 0x0000000653c00000|  0%| F|  |TAMS 0x0000000653800000| PB 0x0000000653800000| Untracked 
| 335|0x0000000653c00000, 0x0000000653c00000, 0x0000000654000000|  0%| F|  |TAMS 0x0000000653c00000| PB 0x0000000653c00000| Untracked 
| 336|0x0000000654000000, 0x0000000654000000, 0x0000000654400000|  0%| F|  |TAMS 0x0000000654000000| PB 0x0000000654000000| Untracked 
| 337|0x0000000654400000, 0x0000000654400000, 0x0000000654800000|  0%| F|  |TAMS 0x0000000654400000| PB 0x0000000654400000| Untracked 
| 338|0x0000000654800000, 0x0000000654800000, 0x0000000654c00000|  0%| F|  |TAMS 0x0000000654800000| PB 0x0000000654800000| Untracked 
| 339|0x0000000654c00000, 0x0000000654c00000, 0x0000000655000000|  0%| F|  |TAMS 0x0000000654c00000| PB 0x0000000654c00000| Untracked 
| 340|0x0000000655000000, 0x0000000655000000, 0x0000000655400000|  0%| F|  |TAMS 0x0000000655000000| PB 0x0000000655000000| Untracked 
| 341|0x0000000655400000, 0x0000000655400000, 0x0000000655800000|  0%| F|  |TAMS 0x0000000655400000| PB 0x0000000655400000| Untracked 
| 342|0x0000000655800000, 0x0000000655800000, 0x0000000655c00000|  0%| F|  |TAMS 0x0000000655800000| PB 0x0000000655800000| Untracked 
| 343|0x0000000655c00000, 0x0000000655c00000, 0x0000000656000000|  0%| F|  |TAMS 0x0000000655c00000| PB 0x0000000655c00000| Untracked 
| 344|0x0000000656000000, 0x0000000656000000, 0x0000000656400000|  0%| F|  |TAMS 0x0000000656000000| PB 0x0000000656000000| Untracked 
| 345|0x0000000656400000, 0x0000000656400000, 0x0000000656800000|  0%| F|  |TAMS 0x0000000656400000| PB 0x0000000656400000| Untracked 
| 346|0x0000000656800000, 0x0000000656800000, 0x0000000656c00000|  0%| F|  |TAMS 0x0000000656800000| PB 0x0000000656800000| Untracked 
| 347|0x0000000656c00000, 0x0000000656c00000, 0x0000000657000000|  0%| F|  |TAMS 0x0000000656c00000| PB 0x0000000656c00000| Untracked 
| 348|0x0000000657000000, 0x0000000657000000, 0x0000000657400000|  0%| F|  |TAMS 0x0000000657000000| PB 0x0000000657000000| Untracked 
| 349|0x0000000657400000, 0x0000000657400000, 0x0000000657800000|  0%| F|  |TAMS 0x0000000657400000| PB 0x0000000657400000| Untracked 
| 350|0x0000000657800000, 0x0000000657800000, 0x0000000657c00000|  0%| F|  |TAMS 0x0000000657800000| PB 0x0000000657800000| Untracked 
| 351|0x0000000657c00000, 0x0000000657c00000, 0x0000000658000000|  0%| F|  |TAMS 0x0000000657c00000| PB 0x0000000657c00000| Untracked 
| 352|0x0000000658000000, 0x0000000658000000, 0x0000000658400000|  0%| F|  |TAMS 0x0000000658000000| PB 0x0000000658000000| Untracked 
| 353|0x0000000658400000, 0x0000000658400000, 0x0000000658800000|  0%| F|  |TAMS 0x0000000658400000| PB 0x0000000658400000| Untracked 
| 354|0x0000000658800000, 0x0000000658800000, 0x0000000658c00000|  0%| F|  |TAMS 0x0000000658800000| PB 0x0000000658800000| Untracked 
| 355|0x0000000658c00000, 0x0000000658c00000, 0x0000000659000000|  0%| F|  |TAMS 0x0000000658c00000| PB 0x0000000658c00000| Untracked 
| 356|0x0000000659000000, 0x0000000659000000, 0x0000000659400000|  0%| F|  |TAMS 0x0000000659000000| PB 0x0000000659000000| Untracked 
| 357|0x0000000659400000, 0x0000000659400000, 0x0000000659800000|  0%| F|  |TAMS 0x0000000659400000| PB 0x0000000659400000| Untracked 
| 358|0x0000000659800000, 0x0000000659800000, 0x0000000659c00000|  0%| F|  |TAMS 0x0000000659800000| PB 0x0000000659800000| Untracked 
| 359|0x0000000659c00000, 0x0000000659c00000, 0x000000065a000000|  0%| F|  |TAMS 0x0000000659c00000| PB 0x0000000659c00000| Untracked 
| 360|0x000000065a000000, 0x000000065a000000, 0x000000065a400000|  0%| F|  |TAMS 0x000000065a000000| PB 0x000000065a000000| Untracked 
| 361|0x000000065a400000, 0x000000065a400000, 0x000000065a800000|  0%| F|  |TAMS 0x000000065a400000| PB 0x000000065a400000| Untracked 
| 362|0x000000065a800000, 0x000000065a800000, 0x000000065ac00000|  0%| F|  |TAMS 0x000000065a800000| PB 0x000000065a800000| Untracked 
| 363|0x000000065ac00000, 0x000000065ac00000, 0x000000065b000000|  0%| F|  |TAMS 0x000000065ac00000| PB 0x000000065ac00000| Untracked 
| 364|0x000000065b000000, 0x000000065b000000, 0x000000065b400000|  0%| F|  |TAMS 0x000000065b000000| PB 0x000000065b000000| Untracked 
| 365|0x000000065b400000, 0x000000065b400000, 0x000000065b800000|  0%| F|  |TAMS 0x000000065b400000| PB 0x000000065b400000| Untracked 
| 366|0x000000065b800000, 0x000000065b800000, 0x000000065bc00000|  0%| F|  |TAMS 0x000000065b800000| PB 0x000000065b800000| Untracked 
| 367|0x000000065bc00000, 0x000000065bc00000, 0x000000065c000000|  0%| F|  |TAMS 0x000000065bc00000| PB 0x000000065bc00000| Untracked 
| 368|0x000000065c000000, 0x000000065c000000, 0x000000065c400000|  0%| F|  |TAMS 0x000000065c000000| PB 0x000000065c000000| Untracked 
| 369|0x000000065c400000, 0x000000065c400000, 0x000000065c800000|  0%| F|  |TAMS 0x000000065c400000| PB 0x000000065c400000| Untracked 
| 370|0x000000065c800000, 0x000000065c800000, 0x000000065cc00000|  0%| F|  |TAMS 0x000000065c800000| PB 0x000000065c800000| Untracked 
| 371|0x000000065cc00000, 0x000000065cc00000, 0x000000065d000000|  0%| F|  |TAMS 0x000000065cc00000| PB 0x000000065cc00000| Untracked 
| 372|0x000000065d000000, 0x000000065d000000, 0x000000065d400000|  0%| F|  |TAMS 0x000000065d000000| PB 0x000000065d000000| Untracked 
| 373|0x000000065d400000, 0x000000065d400000, 0x000000065d800000|  0%| F|  |TAMS 0x000000065d400000| PB 0x000000065d400000| Untracked 
| 374|0x000000065d800000, 0x000000065d800000, 0x000000065dc00000|  0%| F|  |TAMS 0x000000065d800000| PB 0x000000065d800000| Untracked 
| 375|0x000000065dc00000, 0x000000065dc00000, 0x000000065e000000|  0%| F|  |TAMS 0x000000065dc00000| PB 0x000000065dc00000| Untracked 
| 376|0x000000065e000000, 0x000000065e000000, 0x000000065e400000|  0%| F|  |TAMS 0x000000065e000000| PB 0x000000065e000000| Untracked 
| 377|0x000000065e400000, 0x000000065e400000, 0x000000065e800000|  0%| F|  |TAMS 0x000000065e400000| PB 0x000000065e400000| Untracked 
| 378|0x000000065e800000, 0x000000065e800000, 0x000000065ec00000|  0%| F|  |TAMS 0x000000065e800000| PB 0x000000065e800000| Untracked 
| 379|0x000000065ec00000, 0x000000065ec00000, 0x000000065f000000|  0%| F|  |TAMS 0x000000065ec00000| PB 0x000000065ec00000| Untracked 
| 380|0x000000065f000000, 0x000000065f000000, 0x000000065f400000|  0%| F|  |TAMS 0x000000065f000000| PB 0x000000065f000000| Untracked 
| 381|0x000000065f400000, 0x000000065f400000, 0x000000065f800000|  0%| F|  |TAMS 0x000000065f400000| PB 0x000000065f400000| Untracked 
| 382|0x000000065f800000, 0x000000065f800000, 0x000000065fc00000|  0%| F|  |TAMS 0x000000065f800000| PB 0x000000065f800000| Untracked 
| 383|0x000000065fc00000, 0x000000065fc00000, 0x0000000660000000|  0%| F|  |TAMS 0x000000065fc00000| PB 0x000000065fc00000| Untracked 
| 384|0x0000000660000000, 0x0000000660000000, 0x0000000660400000|  0%| F|  |TAMS 0x0000000660000000| PB 0x0000000660000000| Untracked 
| 385|0x0000000660400000, 0x0000000660400000, 0x0000000660800000|  0%| F|  |TAMS 0x0000000660400000| PB 0x0000000660400000| Untracked 
| 386|0x0000000660800000, 0x0000000660800000, 0x0000000660c00000|  0%| F|  |TAMS 0x0000000660800000| PB 0x0000000660800000| Untracked 
| 387|0x0000000660c00000, 0x0000000660c00000, 0x0000000661000000|  0%| F|  |TAMS 0x0000000660c00000| PB 0x0000000660c00000| Untracked 
| 388|0x0000000661000000, 0x0000000661000000, 0x0000000661400000|  0%| F|  |TAMS 0x0000000661000000| PB 0x0000000661000000| Untracked 
| 389|0x0000000661400000, 0x0000000661400000, 0x0000000661800000|  0%| F|  |TAMS 0x0000000661400000| PB 0x0000000661400000| Untracked 
| 390|0x0000000661800000, 0x0000000661800000, 0x0000000661c00000|  0%| F|  |TAMS 0x0000000661800000| PB 0x0000000661800000| Untracked 
| 391|0x0000000661c00000, 0x0000000661c00000, 0x0000000662000000|  0%| F|  |TAMS 0x0000000661c00000| PB 0x0000000661c00000| Untracked 
| 392|0x0000000662000000, 0x0000000662000000, 0x0000000662400000|  0%| F|  |TAMS 0x0000000662000000| PB 0x0000000662000000| Untracked 
| 393|0x0000000662400000, 0x0000000662400000, 0x0000000662800000|  0%| F|  |TAMS 0x0000000662400000| PB 0x0000000662400000| Untracked 
| 394|0x0000000662800000, 0x0000000662800000, 0x0000000662c00000|  0%| F|  |TAMS 0x0000000662800000| PB 0x0000000662800000| Untracked 
| 395|0x0000000662c00000, 0x0000000662c00000, 0x0000000663000000|  0%| F|  |TAMS 0x0000000662c00000| PB 0x0000000662c00000| Untracked 
| 396|0x0000000663000000, 0x0000000663000000, 0x0000000663400000|  0%| F|  |TAMS 0x0000000663000000| PB 0x0000000663000000| Untracked 
| 397|0x0000000663400000, 0x0000000663400000, 0x0000000663800000|  0%| F|  |TAMS 0x0000000663400000| PB 0x0000000663400000| Untracked 
| 398|0x0000000663800000, 0x0000000663800000, 0x0000000663c00000|  0%| F|  |TAMS 0x0000000663800000| PB 0x0000000663800000| Untracked 
| 399|0x0000000663c00000, 0x0000000663c00000, 0x0000000664000000|  0%| F|  |TAMS 0x0000000663c00000| PB 0x0000000663c00000| Untracked 
| 400|0x0000000664000000, 0x0000000664000000, 0x0000000664400000|  0%| F|  |TAMS 0x0000000664000000| PB 0x0000000664000000| Untracked 
| 401|0x0000000664400000, 0x0000000664400000, 0x0000000664800000|  0%| F|  |TAMS 0x0000000664400000| PB 0x0000000664400000| Untracked 
| 402|0x0000000664800000, 0x0000000664800000, 0x0000000664c00000|  0%| F|  |TAMS 0x0000000664800000| PB 0x0000000664800000| Untracked 
| 403|0x0000000664c00000, 0x0000000664c00000, 0x0000000665000000|  0%| F|  |TAMS 0x0000000664c00000| PB 0x0000000664c00000| Untracked 
| 404|0x0000000665000000, 0x0000000665000000, 0x0000000665400000|  0%| F|  |TAMS 0x0000000665000000| PB 0x0000000665000000| Untracked 
| 405|0x0000000665400000, 0x0000000665400000, 0x0000000665800000|  0%| F|  |TAMS 0x0000000665400000| PB 0x0000000665400000| Untracked 
| 406|0x0000000665800000, 0x0000000665800000, 0x0000000665c00000|  0%| F|  |TAMS 0x0000000665800000| PB 0x0000000665800000| Untracked 
| 407|0x0000000665c00000, 0x0000000665c00000, 0x0000000666000000|  0%| F|  |TAMS 0x0000000665c00000| PB 0x0000000665c00000| Untracked 
| 408|0x0000000666000000, 0x0000000666000000, 0x0000000666400000|  0%| F|  |TAMS 0x0000000666000000| PB 0x0000000666000000| Untracked 
| 409|0x0000000666400000, 0x0000000666400000, 0x0000000666800000|  0%| F|  |TAMS 0x0000000666400000| PB 0x0000000666400000| Untracked 
| 410|0x0000000666800000, 0x00000006669c9450, 0x0000000666c00000| 44%| S|CS|TAMS 0x0000000666800000| PB 0x0000000666800000| Complete 
| 411|0x0000000666c00000, 0x0000000667000000, 0x0000000667000000|100%| S|CS|TAMS 0x0000000666c00000| PB 0x0000000666c00000| Complete 
| 412|0x0000000667000000, 0x0000000667000000, 0x0000000667400000|  0%| F|  |TAMS 0x0000000667000000| PB 0x0000000667000000| Untracked 
| 413|0x0000000667400000, 0x0000000667400000, 0x0000000667800000|  0%| F|  |TAMS 0x0000000667400000| PB 0x0000000667400000| Untracked 
| 414|0x0000000667800000, 0x0000000667800000, 0x0000000667c00000|  0%| F|  |TAMS 0x0000000667800000| PB 0x0000000667800000| Untracked 
| 415|0x0000000667c00000, 0x0000000667c00000, 0x0000000668000000|  0%| F|  |TAMS 0x0000000667c00000| PB 0x0000000667c00000| Untracked 
| 416|0x0000000668000000, 0x0000000668000000, 0x0000000668400000|  0%| F|  |TAMS 0x0000000668000000| PB 0x0000000668000000| Untracked 
| 417|0x0000000668400000, 0x0000000668400000, 0x0000000668800000|  0%| F|  |TAMS 0x0000000668400000| PB 0x0000000668400000| Untracked 
| 418|0x0000000668800000, 0x0000000668800000, 0x0000000668c00000|  0%| F|  |TAMS 0x0000000668800000| PB 0x0000000668800000| Untracked 
| 419|0x0000000668c00000, 0x0000000668c00000, 0x0000000669000000|  0%| F|  |TAMS 0x0000000668c00000| PB 0x0000000668c00000| Untracked 
| 420|0x0000000669000000, 0x0000000669000000, 0x0000000669400000|  0%| F|  |TAMS 0x0000000669000000| PB 0x0000000669000000| Untracked 
| 421|0x0000000669400000, 0x0000000669400000, 0x0000000669800000|  0%| F|  |TAMS 0x0000000669400000| PB 0x0000000669400000| Untracked 
| 422|0x0000000669800000, 0x0000000669800000, 0x0000000669c00000|  0%| F|  |TAMS 0x0000000669800000| PB 0x0000000669800000| Untracked 
| 423|0x0000000669c00000, 0x0000000669c00000, 0x000000066a000000|  0%| F|  |TAMS 0x0000000669c00000| PB 0x0000000669c00000| Untracked 
| 424|0x000000066a000000, 0x000000066a000000, 0x000000066a400000|  0%| F|  |TAMS 0x000000066a000000| PB 0x000000066a000000| Untracked 
| 425|0x000000066a400000, 0x000000066a400000, 0x000000066a800000|  0%| F|  |TAMS 0x000000066a400000| PB 0x000000066a400000| Untracked 
| 426|0x000000066a800000, 0x000000066a800000, 0x000000066ac00000|  0%| F|  |TAMS 0x000000066a800000| PB 0x000000066a800000| Untracked 
| 427|0x000000066ac00000, 0x000000066ac00000, 0x000000066b000000|  0%| F|  |TAMS 0x000000066ac00000| PB 0x000000066ac00000| Untracked 
| 428|0x000000066b000000, 0x000000066b000000, 0x000000066b400000|  0%| F|  |TAMS 0x000000066b000000| PB 0x000000066b000000| Untracked 
| 429|0x000000066b400000, 0x000000066b400000, 0x000000066b800000|  0%| F|  |TAMS 0x000000066b400000| PB 0x000000066b400000| Untracked 
| 430|0x000000066b800000, 0x000000066b800000, 0x000000066bc00000|  0%| F|  |TAMS 0x000000066b800000| PB 0x000000066b800000| Untracked 
| 431|0x000000066bc00000, 0x000000066bc00000, 0x000000066c000000|  0%| F|  |TAMS 0x000000066bc00000| PB 0x000000066bc00000| Untracked 
| 432|0x000000066c000000, 0x000000066c000000, 0x000000066c400000|  0%| F|  |TAMS 0x000000066c000000| PB 0x000000066c000000| Untracked 
|2047|0x00000007ffc00000, 0x0000000800000000, 0x0000000800000000|100%| O|  |TAMS 0x00000007ffc00000| PB 0x00000007ffc00000| Untracked 

Card table byte_map: [0x000001c37ba00000,0x000001c37ca00000] _byte_map_base: 0x000001c378a00000

Marking Bits: (CMBitMap*) 0x000001c35784e9f0
 Bits: [0x000001c300000000, 0x000001c308000000)

Polling page: 0x000001c3553e0000

Metaspace:

Usage:
  Non-class:    124.46 MB used.
      Class:     18.44 MB used.
       Both:    142.89 MB used.

Virtual space:
  Non-class space:      128.00 MB reserved,     125.50 MB ( 98%) committed,  2 nodes.
      Class space:        1.00 GB reserved,      19.38 MB (  2%) committed,  1 nodes.
             Both:        1.12 GB reserved,     144.88 MB ( 13%) committed. 

Chunk freelists:
   Non-Class:  2.09 MB
       Class:  12.58 MB
        Both:  14.67 MB

MaxMetaspaceSize: 4.00 GB
CompressedClassSpaceSize: 1.00 GB
Initial GC threshold: 21.00 MB
Current GC threshold: 220.00 MB
CDS: off
 - commit_granule_bytes: 65536.
 - commit_granule_words: 8192.
 - virtual_space_node_default_size: 8388608.
 - enlarge_chunks_in_place: 1.
 - use_allocation_guard: 0.


Internal statistics:

num_allocs_failed_limit: 30.
num_arena_births: 4102.
num_arena_deaths: 0.
num_vsnodes_births: 3.
num_vsnodes_deaths: 0.
num_space_committed: 2316.
num_space_uncommitted: 0.
num_chunks_returned_to_freelist: 30.
num_chunks_taken_from_freelist: 9532.
num_chunk_merges: 27.
num_chunk_splits: 6790.
num_chunks_enlarged: 4818.
num_inconsistent_stats: 0.

CodeHeap 'non-profiled nmethods': size=259264Kb used=13665Kb max_used=13665Kb free=245598Kb
 bounds [0x000001c36abc0000, 0x000001c36b920000, 0x000001c37a8f0000]
CodeHeap 'profiled nmethods': size=259264Kb used=36555Kb max_used=36555Kb free=222708Kb
 bounds [0x000001c35a8f0000, 0x000001c35ccb0000, 0x000001c36a620000]
CodeHeap 'non-nmethods': size=5760Kb used=2381Kb max_used=2469Kb free=3378Kb
 bounds [0x000001c36a620000, 0x000001c36a890000, 0x000001c36abc0000]
CodeCache: size=524288Kb, used=52601Kb, max_used=52689Kb, free=471684Kb
 total_blobs=16970, nmethods=15918, adapters=954, full_count=0
Compilation: enabled, stopped_count=0, restarted_count=0

Compilation events (20 events):
Event: 216.102 Thread 0x000001c37f203760 17939       3       org.objectweb.asm.Label::pushSuccessors (77 bytes)
Event: 216.102 Thread 0x000001c37f203760 nmethod 17939 0x000001c35cca1910 code [0x000001c35cca1ac0, 0x000001c35cca1df0]
Event: 216.114 Thread 0x000001c37f1eae70 17941       4       org.objectweb.asm.MethodWriter::visitVarInsn (302 bytes)
Event: 216.159 Thread 0x000001c37f1eae70 nmethod 17941 0x000001c36b90d610 code [0x000001c36b90d820, 0x000001c36b90dee8]
Event: 216.159 Thread 0x000001c37f1eae70 17942       4       org.objectweb.asm.MethodWriter::visitJumpInsn (495 bytes)
Event: 218.940 Thread 0x000001c37f1eae70 nmethod 17942 0x000001c36b90e310 code [0x000001c36b90e5e0, 0x000001c36b90fc78]
Event: 218.941 Thread 0x000001c37f1eae70 17943       4       org.gradle.model.internal.asm.MethodVisitorScope::_INVOKEDYNAMIC (15 bytes)
Event: 219.003 Thread 0x000001c37f1eae70 nmethod 17943 0x000001c36b910710 code [0x000001c36b9108c0, 0x000001c36b910cf0]
Event: 219.003 Thread 0x000001c37f1eae70 17944       4       org.gradle.internal.classpath.transforms.LambdaSerializationTransformer$LambdaFactoryCallRewriter::visitInvokeDynamicInsn (127 bytes)
Event: 220.116 Thread 0x000001c37f203760 17946       3       org.gradle.internal.serialize.InputStreamBackedDecoder::readBoolean (8 bytes)
Event: 220.437 Thread 0x000001c37f1eae70 nmethod 17944 0x000001c36b910f10 code [0x000001c36b911200, 0x000001c36b913a40]
Event: 220.437 Thread 0x000001c37f1eae70 17945       4       org.gradle.internal.classpath.transforms.InstrumentingClassTransform$InstrumentingMethodVisitor::visitInvokeDynamicInsn (109 bytes)
Event: 220.867 Thread 0x000001c37f203760 nmethod 17946 0x000001c35cca1f90 code [0x000001c35cca2160, 0x000001c35cca2548]
Event: 220.867 Thread 0x000001c37f203760 17947       3       java.io.DataInputStream::readBoolean (13 bytes)
Event: 220.867 Thread 0x000001c37f203760 nmethod 17947 0x000001c35cca2690 code [0x000001c35cca2860, 0x000001c35cca2bd8]
Event: 221.713 Thread 0x000001c37f1eae70 nmethod 17945 0x000001c36b914710 code [0x000001c36b9149e0, 0x000001c36b915de0]
Event: 222.138 Thread 0x000001c37f1eae70 17948       4       org.objectweb.asm.tree.MethodNode::visitMethodInsn (59 bytes)
Event: 222.359 Thread 0x000001c37f1eae70 nmethod 17948 0x000001c36b916890 code [0x000001c36b916a40, 0x000001c36b917128]
Event: 222.463 Thread 0x000001c37f1eae70 17949       4       org.objectweb.asm.MethodWriter::computeMaxStackAndLocal (420 bytes)
Event: 222.520 Thread 0x000001c37f1eae70 nmethod 17949 0x000001c36b917290 code [0x000001c36b9174c0, 0x000001c36b918130]

GC Heap History (20 events):
Event: 201.971 GC heap after
{Heap after GC invocations=113 (full 0):
 garbage-first heap   total 1499136K, used 151574K [0x0000000600000000, 0x0000000800000000)
  region size 4096K, 1 young (4096K), 1 survivors (4096K)
 Metaspace       used 146272K, committed 148288K, reserved 1179648K
  class space    used 18875K, committed 19840K, reserved 1048576K
}
Event: 202.140 GC heap before
{Heap before GC invocations=113 (full 0):
 garbage-first heap   total 1499136K, used 221206K [0x0000000600000000, 0x0000000800000000)
  region size 4096K, 18 young (73728K), 1 survivors (4096K)
 Metaspace       used 146272K, committed 148288K, reserved 1179648K
  class space    used 18875K, committed 19840K, reserved 1048576K
}
Event: 202.148 GC heap after
{Heap after GC invocations=114 (full 0):
 garbage-first heap   total 1499136K, used 152437K [0x0000000600000000, 0x0000000800000000)
  region size 4096K, 1 young (4096K), 1 survivors (4096K)
 Metaspace       used 146272K, committed 148288K, reserved 1179648K
  class space    used 18875K, committed 19840K, reserved 1048576K
}
Event: 202.639 GC heap before
{Heap before GC invocations=114 (full 0):
 garbage-first heap   total 1499136K, used 287605K [0x0000000600000000, 0x0000000800000000)
  region size 4096K, 34 young (139264K), 1 survivors (4096K)
 Metaspace       used 146272K, committed 148288K, reserved 1179648K
  class space    used 18875K, committed 19840K, reserved 1048576K
}
Event: 202.670 GC heap after
{Heap after GC invocations=115 (full 0):
 garbage-first heap   total 1499136K, used 153287K [0x0000000600000000, 0x0000000800000000)
  region size 4096K, 1 young (4096K), 1 survivors (4096K)
 Metaspace       used 146272K, committed 148288K, reserved 1179648K
  class space    used 18875K, committed 19840K, reserved 1048576K
}
Event: 205.107 GC heap before
{Heap before GC invocations=115 (full 0):
 garbage-first heap   total 1499136K, used 341703K [0x0000000600000000, 0x0000000800000000)
  region size 4096K, 47 young (192512K), 1 survivors (4096K)
 Metaspace       used 146318K, committed 148352K, reserved 1179648K
  class space    used 18878K, committed 19840K, reserved 1048576K
}
Event: 205.123 GC heap after
{Heap after GC invocations=116 (full 0):
 garbage-first heap   total 1499136K, used 155077K [0x0000000600000000, 0x0000000800000000)
  region size 4096K, 2 young (8192K), 2 survivors (8192K)
 Metaspace       used 146318K, committed 148352K, reserved 1179648K
  class space    used 18878K, committed 19840K, reserved 1048576K
}
Event: 206.240 GC heap before
{Heap before GC invocations=116 (full 0):
 garbage-first heap   total 1499136K, used 363973K [0x0000000600000000, 0x0000000800000000)
  region size 4096K, 53 young (217088K), 2 survivors (8192K)
 Metaspace       used 146319K, committed 148352K, reserved 1179648K
  class space    used 18878K, committed 19840K, reserved 1048576K
}
Event: 206.255 GC heap after
{Heap after GC invocations=117 (full 0):
 garbage-first heap   total 1499136K, used 154157K [0x0000000600000000, 0x0000000800000000)
  region size 4096K, 1 young (4096K), 1 survivors (4096K)
 Metaspace       used 146319K, committed 148352K, reserved 1179648K
  class space    used 18878K, committed 19840K, reserved 1048576K
}
Event: 210.694 GC heap before
{Heap before GC invocations=117 (full 0):
 garbage-first heap   total 1499136K, used 629293K [0x0000000600000000, 0x0000000800000000)
  region size 4096K, 117 young (479232K), 1 survivors (4096K)
 Metaspace       used 146319K, committed 148352K, reserved 1179648K
  class space    used 18878K, committed 19840K, reserved 1048576K
}
Event: 210.825 GC heap after
{Heap after GC invocations=118 (full 0):
 garbage-first heap   total 1499136K, used 156316K [0x0000000600000000, 0x0000000800000000)
  region size 4096K, 2 young (8192K), 2 survivors (8192K)
 Metaspace       used 146319K, committed 148352K, reserved 1179648K
  class space    used 18878K, committed 19840K, reserved 1048576K
}
Event: 216.231 GC heap before
{Heap before GC invocations=118 (full 0):
 garbage-first heap   total 1499136K, used 799388K [0x0000000600000000, 0x0000000800000000)
  region size 4096K, 159 young (651264K), 2 survivors (8192K)
 Metaspace       used 146320K, committed 148352K, reserved 1179648K
  class space    used 18878K, committed 19840K, reserved 1048576K
}
Event: 218.826 GC heap after
{Heap after GC invocations=119 (full 0):
 garbage-first heap   total 1777664K, used 160454K [0x0000000600000000, 0x0000000800000000)
  region size 4096K, 3 young (12288K), 3 survivors (12288K)
 Metaspace       used 146320K, committed 148352K, reserved 1179648K
  class space    used 18878K, committed 19840K, reserved 1048576K
}
Event: 219.188 GC heap before
{Heap before GC invocations=119 (full 0):
 garbage-first heap   total 1777664K, used 234182K [0x0000000600000000, 0x0000000800000000)
  region size 4096K, 21 young (86016K), 3 survivors (12288K)
 Metaspace       used 146320K, committed 148352K, reserved 1179648K
  class space    used 18878K, committed 19840K, reserved 1048576K
}
Event: 219.712 GC heap after
{Heap after GC invocations=120 (full 0):
 garbage-first heap   total 1777664K, used 160427K [0x0000000600000000, 0x0000000800000000)
  region size 4096K, 2 young (8192K), 2 survivors (8192K)
 Metaspace       used 146320K, committed 148352K, reserved 1179648K
  class space    used 18878K, committed 19840K, reserved 1048576K
}
Event: 220.647 GC heap before
{Heap before GC invocations=120 (full 0):
 garbage-first heap   total 1777664K, used 238251K [0x0000000600000000, 0x0000000800000000)
  region size 4096K, 21 young (86016K), 2 survivors (8192K)
 Metaspace       used 146321K, committed 148352K, reserved 1179648K
  class space    used 18878K, committed 19840K, reserved 1048576K
}
Event: 220.782 GC heap after
{Heap after GC invocations=121 (full 0):
 garbage-first heap   total 1777664K, used 161237K [0x0000000600000000, 0x0000000800000000)
  region size 4096K, 2 young (8192K), 2 survivors (8192K)
 Metaspace       used 146321K, committed 148352K, reserved 1179648K
  class space    used 18878K, committed 19840K, reserved 1048576K
}
Event: 221.739 GC heap before
{Heap before GC invocations=121 (full 0):
 garbage-first heap   total 1777664K, used 239061K [0x0000000600000000, 0x0000000800000000)
  region size 4096K, 21 young (86016K), 2 survivors (8192K)
 Metaspace       used 146321K, committed 148352K, reserved 1179648K
  class space    used 18878K, committed 19840K, reserved 1048576K
}
Event: 222.138 GC heap after
{Heap after GC invocations=122 (full 0):
 garbage-first heap   total 1777664K, used 161692K [0x0000000600000000, 0x0000000800000000)
  region size 4096K, 2 young (8192K), 2 survivors (8192K)
 Metaspace       used 146321K, committed 148352K, reserved 1179648K
  class space    used 18878K, committed 19840K, reserved 1048576K
}
Event: 222.573 GC heap before
{Heap before GC invocations=122 (full 0):
 garbage-first heap   total 1777664K, used 239516K [0x0000000600000000, 0x0000000800000000)
  region size 4096K, 21 young (86016K), 2 survivors (8192K)
 Metaspace       used 146321K, committed 148352K, reserved 1179648K
  class space    used 18878K, committed 19840K, reserved 1048576K
}

Dll operation events (3 events):
Event: 0.033 Loaded shared library C:\Program Files\Android\Android Studio\jbr\bin\java.dll
Event: 0.043 Loaded shared library C:\Program Files\Android\Android Studio\jbr\bin\zip.dll
Event: 2.000 Loaded shared library C:\Program Files\Android\Android Studio\jbr\bin\verify.dll

Deoptimization events (20 events):
Event: 204.578 Thread 0x000001c30d178c50 Uncommon trap: trap_request=0xffffff45 fr.pc=0x000001c36b8a1bec relative=0x000000000000004c
Event: 204.578 Thread 0x000001c30d178c50 Uncommon trap: reason=unstable_if action=reinterpret pc=0x000001c36b8a1bec method=org.gradle.internal.classpath.CallInterceptionClosureInstrumentingClassVisitor.interfacesWithInstrumentableClosure([Ljava/lang/String;Z)[Ljava/lang/String; @ 1 c2
Event: 204.578 Thread 0x000001c30d178c50 DEOPT PACKING pc=0x000001c36b8a1bec sp=0x000000829c6f19a0
Event: 204.578 Thread 0x000001c30d178c50 DEOPT UNPACKING pc=0x000001c36a6746a2 sp=0x000000829c6f1928 mode 2
Event: 214.111 Thread 0x000001c37f86e910 Uncommon trap: trap_request=0xffffff45 fr.pc=0x000001c36b8d2100 relative=0x00000000000038a0
Event: 214.113 Thread 0x000001c37f86e910 Uncommon trap: reason=unstable_if action=reinterpret pc=0x000001c36b8d2100 method=org.gradle.internal.classpath.generated.InterceptorDeclaration_ConfigCacheJvmBytecode.visitMethodInsn(Lorg/gradle/model/internal/asm/MethodVisitorScope;Ljava/lang/String;ILj
Event: 214.115 Thread 0x000001c37f86e910 DEOPT PACKING pc=0x000001c36b8d2100 sp=0x000000829eefad80
Event: 214.117 Thread 0x000001c37f86e910 DEOPT UNPACKING pc=0x000001c36a6746a2 sp=0x000000829eeface0 mode 2
Event: 215.748 Thread 0x000001c37f86e910 Uncommon trap: trap_request=0xffffff45 fr.pc=0x000001c36ae03df8 relative=0x00000000000013d8
Event: 215.748 Thread 0x000001c37f86e910 Uncommon trap: reason=unstable_if action=reinterpret pc=0x000001c36ae03df8 method=org.objectweb.asm.MethodWriter.visitJumpInsn(ILorg/objectweb/asm/Label;)V @ 364 c2
Event: 215.761 Thread 0x000001c37f86e910 DEOPT PACKING pc=0x000001c36ae03df8 sp=0x000000829eefad40
Event: 215.761 Thread 0x000001c37f86e910 DEOPT UNPACKING pc=0x000001c36a6746a2 sp=0x000000829eefad28 mode 2
Event: 215.774 Thread 0x000001c37f86e910 Uncommon trap: trap_request=0xffffff45 fr.pc=0x000001c36ae2cb0c relative=0x00000000000004ec
Event: 215.774 Thread 0x000001c37f86e910 Uncommon trap: reason=unstable_if action=reinterpret pc=0x000001c36ae2cb0c method=org.objectweb.asm.MethodWriter.visitVarInsn(II)V @ 148 c2
Event: 215.774 Thread 0x000001c37f86e910 DEOPT PACKING pc=0x000001c36ae2cb0c sp=0x000000829eefad90
Event: 215.775 Thread 0x000001c37f86e910 DEOPT UNPACKING pc=0x000001c36a6746a2 sp=0x000000829eefad38 mode 2
Event: 215.775 Thread 0x000001c37f86e910 Uncommon trap: trap_request=0xffffff45 fr.pc=0x000001c36ae0c478 relative=0x0000000000000618
Event: 215.775 Thread 0x000001c37f86e910 Uncommon trap: reason=unstable_if action=reinterpret pc=0x000001c36ae0c478 method=org.objectweb.asm.MethodWriter.computeMaxStackAndLocal()V @ 38 c2
Event: 215.775 Thread 0x000001c37f86e910 DEOPT PACKING pc=0x000001c36ae0c478 sp=0x000000829eefad70
Event: 215.789 Thread 0x000001c37f86e910 DEOPT UNPACKING pc=0x000001c36a6746a2 sp=0x000000829eefacf8 mode 2

Classes loaded (20 events):
Event: 155.844 Loading class jdk/internal/reflect/Label
Event: 155.845 Loading class jdk/internal/reflect/Label done
Event: 155.845 Loading class jdk/internal/reflect/Label$PatchInfo
Event: 155.845 Loading class jdk/internal/reflect/Label$PatchInfo done
Event: 155.845 Loading class jdk/internal/reflect/MethodAccessorGenerator$1
Event: 155.845 Loading class jdk/internal/reflect/MethodAccessorGenerator$1 done
Event: 155.845 Loading class jdk/internal/reflect/ClassDefiner
Event: 155.847 Loading class jdk/internal/reflect/ClassDefiner done
Event: 155.847 Loading class jdk/internal/reflect/ClassDefiner$1
Event: 155.848 Loading class jdk/internal/reflect/ClassDefiner$1 done
Event: 155.855 Loading class jdk/internal/reflect/SerializationConstructorAccessorImpl
Event: 155.855 Loading class jdk/internal/reflect/SerializationConstructorAccessorImpl done
Event: 159.676 Loading class sun/security/ssl/Alert
Event: 159.680 Loading class sun/security/ssl/Alert done
Event: 159.683 Loading class sun/security/ssl/Alert$AlertConsumer
Event: 159.685 Loading class sun/security/ssl/Alert$AlertConsumer done
Event: 159.685 Loading class sun/security/ssl/Alert$Level
Event: 159.688 Loading class sun/security/ssl/Alert$Level done
Event: 172.556 Loading class java/util/concurrent/atomic/Striped64$Cell
Event: 172.579 Loading class java/util/concurrent/atomic/Striped64$Cell done

Classes unloaded (0 events):
No events

Classes redefined (0 events):
No events

Internal exceptions (20 events):
Event: 173.462 Thread 0x000001c30d178c50 Exception <a 'sun/nio/fs/WindowsException'{0x0000000610559538}> (0x0000000610559538) 
thrown [s\src\hotspot\share\prims\jni.cpp, line 537]
Event: 173.898 Thread 0x000001c37f86e910 Exception <a 'sun/nio/fs/WindowsException'{0x000000060e111368}> (0x000000060e111368) 
thrown [s\src\hotspot\share\prims\jni.cpp, line 537]
Event: 174.038 Thread 0x000001c37f86dbf0 Exception <a 'sun/nio/fs/WindowsException'{0x000000060e186db8}> (0x000000060e186db8) 
thrown [s\src\hotspot\share\prims\jni.cpp, line 537]
Event: 174.507 Thread 0x000001c37f86e910 Exception <a 'sun/nio/fs/WindowsException'{0x000000060b4f5860}> (0x000000060b4f5860) 
thrown [s\src\hotspot\share\prims\jni.cpp, line 537]
Event: 174.808 Thread 0x000001c30d178c50 Exception <a 'sun/nio/fs/WindowsException'{0x000000060b4dd438}> (0x000000060b4dd438) 
thrown [s\src\hotspot\share\prims\jni.cpp, line 537]
Event: 175.789 Thread 0x000001c37f86e910 Implicit null exception at 0x000001c36afd63c0 to 0x000001c36afd6a1c
Event: 175.982 Thread 0x000001c37f86e910 Exception <a 'sun/nio/fs/WindowsException'{0x000000061b5da728}> (0x000000061b5da728) 
thrown [s\src\hotspot\share\prims\jni.cpp, line 537]
Event: 177.002 Thread 0x000001c37f86e910 Exception <a 'sun/nio/fs/WindowsException'{0x000000061235d150}> (0x000000061235d150) 
thrown [s\src\hotspot\share\prims\jni.cpp, line 537]
Event: 177.273 Thread 0x000001c37f86f630 Exception <a 'sun/nio/fs/WindowsException'{0x0000000610160028}> (0x0000000610160028) 
thrown [s\src\hotspot\share\prims\jni.cpp, line 537]
Event: 177.346 Thread 0x000001c37f86e910 Exception <a 'sun/nio/fs/WindowsException'{0x000000060ffdc128}> (0x000000060ffdc128) 
thrown [s\src\hotspot\share\prims\jni.cpp, line 537]
Event: 177.580 Thread 0x000001c37f86f630 Exception <a 'sun/nio/fs/WindowsException'{0x000000060ee81140}> (0x000000060ee81140) 
thrown [s\src\hotspot\share\prims\jni.cpp, line 537]
Event: 178.496 Thread 0x000001c37f86f630 Exception <a 'sun/nio/fs/WindowsException'{0x0000000629dd6a10}> (0x0000000629dd6a10) 
thrown [s\src\hotspot\share\prims\jni.cpp, line 537]
Event: 178.892 Thread 0x000001c37f86e910 Exception <a 'sun/nio/fs/WindowsException'{0x0000000628f0cff8}> (0x0000000628f0cff8) 
thrown [s\src\hotspot\share\prims\jni.cpp, line 537]
Event: 179.288 Thread 0x000001c37f86f630 Exception <a 'sun/nio/fs/WindowsException'{0x0000000628749838}> (0x0000000628749838) 
thrown [s\src\hotspot\share\prims\jni.cpp, line 537]
Event: 179.506 Thread 0x000001c37f86dbf0 Exception <a 'sun/nio/fs/WindowsException'{0x0000000627543450}> (0x0000000627543450) 
thrown [s\src\hotspot\share\prims\jni.cpp, line 537]
Event: 180.158 Thread 0x000001c37f86f630 Exception <a 'sun/nio/fs/WindowsException'{0x0000000625fc95b0}> (0x0000000625fc95b0) 
thrown [s\src\hotspot\share\prims\jni.cpp, line 537]
Event: 180.493 Thread 0x000001c37f86dbf0 Exception <a 'sun/nio/fs/WindowsException'{0x000000062569f9e0}> (0x000000062569f9e0) 
thrown [s\src\hotspot\share\prims\jni.cpp, line 537]
Event: 181.258 Thread 0x000001c37f86f630 Exception <a 'sun/nio/fs/WindowsException'{0x0000000621cdc778}> (0x0000000621cdc778) 
thrown [s\src\hotspot\share\prims\jni.cpp, line 537]
Event: 181.678 Thread 0x000001c37f86f630 Exception <a 'sun/nio/fs/WindowsException'{0x000000061f794000}> (0x000000061f794000) 
thrown [s\src\hotspot\share\prims\jni.cpp, line 537]
Event: 182.816 Thread 0x000001c37f86dbf0 Exception <a 'sun/nio/fs/WindowsException'{0x000000061b07aad0}> (0x000000061b07aad0) 
thrown [s\src\hotspot\share\prims\jni.cpp, line 537]

ZGC Phase Switch (0 events):
No events

VM Operations (20 events):
Event: 207.274 Executing VM operation: Cleanup done
Event: 208.286 Executing VM operation: Cleanup
Event: 208.286 Executing VM operation: Cleanup done
Event: 209.299 Executing VM operation: Cleanup
Event: 209.300 Executing VM operation: Cleanup done
Event: 210.693 Executing VM operation: G1CollectForAllocation (G1 Evacuation Pause)
Event: 210.826 Executing VM operation: G1CollectForAllocation (G1 Evacuation Pause) done
Event: 211.832 Executing VM operation: Cleanup
Event: 211.833 Executing VM operation: Cleanup done
Event: 215.865 Executing VM operation: Cleanup
Event: 215.912 Executing VM operation: Cleanup done
Event: 216.220 Executing VM operation: G1CollectForAllocation (G1 Evacuation Pause)
Event: 218.838 Executing VM operation: G1CollectForAllocation (G1 Evacuation Pause) done
Event: 219.144 Executing VM operation: G1CollectForAllocation (G1 Evacuation Pause)
Event: 219.712 Executing VM operation: G1CollectForAllocation (G1 Evacuation Pause) done
Event: 220.615 Executing VM operation: G1CollectForAllocation (G1 Evacuation Pause)
Event: 220.782 Executing VM operation: G1CollectForAllocation (G1 Evacuation Pause) done
Event: 221.702 Executing VM operation: G1CollectForAllocation (G1 Evacuation Pause)
Event: 222.138 Executing VM operation: G1CollectForAllocation (G1 Evacuation Pause) done
Event: 222.537 Executing VM operation: G1CollectForAllocation (G1 Evacuation Pause)

Memory protections (0 events):
No events

Nmethod flushes (20 events):
Event: 128.382 Thread 0x000001c37cb7a200 flushing  nmethod 0x000001c35b34ab90
Event: 128.382 Thread 0x000001c37cb7a200 flushing  nmethod 0x000001c35b34b010
Event: 128.382 Thread 0x000001c37cb7a200 flushing  nmethod 0x000001c35b34b610
Event: 128.382 Thread 0x000001c37cb7a200 flushing  nmethod 0x000001c35b3aad90
Event: 128.382 Thread 0x000001c37cb7a200 flushing  nmethod 0x000001c35b3ab110
Event: 128.382 Thread 0x000001c37cb7a200 flushing  nmethod 0x000001c35b3abe10
Event: 128.382 Thread 0x000001c37cb7a200 flushing  nmethod 0x000001c35b3ac590
Event: 128.382 Thread 0x000001c37cb7a200 flushing  nmethod 0x000001c35b3ace90
Event: 128.382 Thread 0x000001c37cb7a200 flushing  nmethod 0x000001c35b3ad290
Event: 128.384 Thread 0x000001c37cb7a200 flushing  nmethod 0x000001c35b3ae010
Event: 128.384 Thread 0x000001c37cb7a200 flushing  nmethod 0x000001c35b3ae490
Event: 128.384 Thread 0x000001c37cb7a200 flushing  nmethod 0x000001c35b3aee10
Event: 128.384 Thread 0x000001c37cb7a200 flushing  nmethod 0x000001c35b3af410
Event: 128.384 Thread 0x000001c37cb7a200 flushing  nmethod 0x000001c35b3b0010
Event: 128.384 Thread 0x000001c37cb7a200 flushing  nmethod 0x000001c35b3b0890
Event: 128.384 Thread 0x000001c37cb7a200 flushing  nmethod 0x000001c35b4f2f90
Event: 128.384 Thread 0x000001c37cb7a200 flushing  nmethod 0x000001c35b4f4510
Event: 128.384 Thread 0x000001c37cb7a200 flushing  nmethod 0x000001c35b514e90
Event: 128.384 Thread 0x000001c37cb7a200 flushing  nmethod 0x000001c35b515690
Event: 128.384 Thread 0x000001c37cb7a200 flushing  nmethod 0x000001c35b51ab10

Events (20 events):
Event: 141.140 Thread 0x000001c30d178c50 Thread added: 0x000001c31165dd60
Event: 141.140 Thread 0x000001c30d178c50 Thread added: 0x000001c30ea417c0
Event: 142.053 Thread 0x000001c30d178c50 Thread added: 0x000001c37f86a770
Event: 142.054 Thread 0x000001c30d178c50 Thread added: 0x000001c37f86b490
Event: 142.326 Thread 0x000001c30d178c50 Thread added: 0x000001c37f86bb20
Event: 142.326 Thread 0x000001c30d178c50 Thread added: 0x000001c37f86a0e0
Event: 142.326 Thread 0x000001c30d178c50 Thread added: 0x000001c37f869a50
Event: 142.846 Thread 0x000001c30d1792e0 Thread added: 0x000001c37f86ae00
Event: 156.343 Thread 0x000001c30d178c50 Thread added: 0x000001c37f8693c0
Event: 156.365 Thread 0x000001c30d178c50 Thread added: 0x000001c37f86efa0
Event: 156.380 Thread 0x000001c30d178c50 Thread added: 0x000001c37f86e280
Event: 162.026 Thread 0x000001c37f203760 Thread added: 0x000001c31167d330
Event: 163.340 Thread 0x000001c31167d330 Thread exited: 0x000001c31167d330
Event: 171.773 Thread 0x000001c30d178c50 Thread added: 0x000001c37f86dbf0
Event: 171.774 Thread 0x000001c30d178c50 Thread added: 0x000001c37f86f630
Event: 171.775 Thread 0x000001c30d178c50 Thread added: 0x000001c37f86e910
Event: 177.706 Thread 0x000001c37f203760 Thread added: 0x000001c31167d330
Event: 180.530 Thread 0x000001c31167d330 Thread exited: 0x000001c31167d330
Event: 204.654 Thread 0x000001c37f203760 Thread added: 0x000001c311d8daa0
Event: 205.641 Thread 0x000001c311d8daa0 Thread exited: 0x000001c311d8daa0


Dynamic libraries:
0x00007ff79d7c0000 - 0x00007ff79d7ca000 	C:\Program Files\Android\Android Studio\jbr\bin\java.exe
0x00007ffd84840000 - 0x00007ffd84aa7000 	C:\WINDOWS\SYSTEM32\ntdll.dll
0x00007ffd82b00000 - 0x00007ffd82bc9000 	C:\WINDOWS\System32\KERNEL32.DLL
0x00007ffd81a80000 - 0x00007ffd81e6f000 	C:\WINDOWS\System32\KERNELBASE.dll
0x00007ffd820f0000 - 0x00007ffd8223b000 	C:\WINDOWS\System32\ucrtbase.dll
0x00007ffd688c0000 - 0x00007ffd688d8000 	C:\Program Files\Android\Android Studio\jbr\bin\jli.dll
0x00007ffd837c0000 - 0x00007ffd83985000 	C:\WINDOWS\System32\USER32.dll
0x00007ffd81a50000 - 0x00007ffd81a77000 	C:\WINDOWS\System32\win32u.dll
0x00007ffd82e70000 - 0x00007ffd82e9b000 	C:\WINDOWS\System32\GDI32.dll
0x00007ffd81f10000 - 0x00007ffd8203c000 	C:\WINDOWS\System32\gdi32full.dll
0x00007ffd82240000 - 0x00007ffd822e3000 	C:\WINDOWS\System32\msvcp_win.dll
0x00007ffd7bb60000 - 0x00007ffd7bb7b000 	C:\Program Files\Android\Android Studio\jbr\bin\VCRUNTIME140.dll
0x00007ffd6c0d0000 - 0x00007ffd6c363000 	C:\WINDOWS\WinSxS\amd64_microsoft.windows.common-controls_6595b64144ccf1df_6.0.26100.7309_none_3e05feeae336a044\COMCTL32.dll
0x00007ffd831a0000 - 0x00007ffd83249000 	C:\WINDOWS\System32\msvcrt.dll
0x00007ffd82bd0000 - 0x00007ffd82c01000 	C:\WINDOWS\System32\IMM32.DLL
0x00007ffd7e1b0000 - 0x00007ffd7e1bc000 	C:\Program Files\Android\Android Studio\jbr\bin\vcruntime140_1.dll
0x00007ffd3ca40000 - 0x00007ffd3cacd000 	C:\Program Files\Android\Android Studio\jbr\bin\msvcp140.dll
0x00007ffd310e0000 - 0x00007ffd31d76000 	C:\Program Files\Android\Android Studio\jbr\bin\server\jvm.dll
0x00007ffd845a0000 - 0x00007ffd84654000 	C:\WINDOWS\System32\ADVAPI32.dll
0x00007ffd82a50000 - 0x00007ffd82af6000 	C:\WINDOWS\System32\sechost.dll
0x00007ffd83310000 - 0x00007ffd83428000 	C:\WINDOWS\System32\RPCRT4.dll
0x00007ffd826c0000 - 0x00007ffd82734000 	C:\WINDOWS\System32\WS2_32.dll
0x00007ffd817f0000 - 0x00007ffd8184e000 	C:\WINDOWS\SYSTEM32\POWRPROF.dll
0x00007ffd6e340000 - 0x00007ffd6e375000 	C:\WINDOWS\SYSTEM32\WINMM.dll
0x00007ffd71c50000 - 0x00007ffd71c5b000 	C:\WINDOWS\SYSTEM32\VERSION.dll
0x00007ffd817d0000 - 0x00007ffd817e4000 	C:\WINDOWS\SYSTEM32\UMPDC.dll
0x00007ffd80710000 - 0x00007ffd8072b000 	C:\WINDOWS\SYSTEM32\kernel.appcore.dll
0x00007ffd7e190000 - 0x00007ffd7e19a000 	C:\Program Files\Android\Android Studio\jbr\bin\jimage.dll
0x00007ffd7e560000 - 0x00007ffd7e7a2000 	C:\WINDOWS\SYSTEM32\DBGHELP.DLL
0x00007ffd83430000 - 0x00007ffd837b6000 	C:\WINDOWS\System32\combase.dll
0x00007ffd82ea0000 - 0x00007ffd82f76000 	C:\WINDOWS\System32\OLEAUT32.dll
0x00007ffd675d0000 - 0x00007ffd6760c000 	C:\WINDOWS\SYSTEM32\dbgcore.DLL
0x00007ffd82040000 - 0x00007ffd820e5000 	C:\WINDOWS\System32\bcryptPrimitives.dll
0x00007ffd709e0000 - 0x00007ffd709ee000 	C:\Program Files\Android\Android Studio\jbr\bin\instrument.dll
0x00007ffd772e0000 - 0x00007ffd77300000 	C:\Program Files\Android\Android Studio\jbr\bin\java.dll
0x00007ffd720d0000 - 0x00007ffd720e8000 	C:\Program Files\Android\Android Studio\jbr\bin\zip.dll
0x00007ffd839a0000 - 0x00007ffd840f3000 	C:\WINDOWS\System32\SHELL32.dll
0x00007ffd82470000 - 0x00007ffd825da000 	C:\WINDOWS\System32\wintypes.dll
0x00007ffd7f570000 - 0x00007ffd7fdce000 	C:\WINDOWS\SYSTEM32\windows.storage.dll
0x00007ffd84700000 - 0x00007ffd847f5000 	C:\WINDOWS\System32\SHCORE.dll
0x00007ffd84690000 - 0x00007ffd846f6000 	C:\WINDOWS\System32\shlwapi.dll
0x00007ffd818b0000 - 0x00007ffd818d9000 	C:\WINDOWS\SYSTEM32\profapi.dll
0x00007ffd7c3e0000 - 0x00007ffd7c3f0000 	C:\Program Files\Android\Android Studio\jbr\bin\net.dll
0x00007ffd73510000 - 0x00007ffd73638000 	C:\WINDOWS\SYSTEM32\WINHTTP.dll
0x00007ffd80cb0000 - 0x00007ffd80d1b000 	C:\WINDOWS\system32\mswsock.dll
0x00007ffd71fa0000 - 0x00007ffd71fb6000 	C:\Program Files\Android\Android Studio\jbr\bin\nio.dll
0x00007ffd76d30000 - 0x00007ffd76d40000 	C:\Program Files\Android\Android Studio\jbr\bin\verify.dll
0x00007ffd6da20000 - 0x00007ffd6da47000 	C:\Users\karlo\.gradle\native\1def1411415f61bf3af743bc5b6707747c0891f09f0c88961ee8f79bc544acac\windows-amd64\native-platform.dll
0x00007ffd3af30000 - 0x00007ffd3afa8000 	C:\Users\karlo\.gradle\native\0.2.7\x86_64-windows-gnu\gradle-fileevents.dll
0x00007ffd773b0000 - 0x00007ffd773b9000 	C:\Program Files\Android\Android Studio\jbr\bin\management.dll
0x00007ffd772c0000 - 0x00007ffd772cb000 	C:\Program Files\Android\Android Studio\jbr\bin\management_ext.dll
0x00007ffd84680000 - 0x00007ffd84688000 	C:\WINDOWS\System32\PSAPI.DLL
0x00007ffd800f0000 - 0x00007ffd80124000 	C:\WINDOWS\SYSTEM32\IPHLPAPI.DLL
0x00007ffd83990000 - 0x00007ffd8399a000 	C:\WINDOWS\System32\NSI.dll
0x00007ffd7bbc0000 - 0x00007ffd7bbc9000 	C:\Program Files\Android\Android Studio\jbr\bin\extnet.dll
0x00007ffd80f70000 - 0x00007ffd80f8b000 	C:\WINDOWS\SYSTEM32\CRYPTSP.dll
0x00007ffd80670000 - 0x00007ffd806aa000 	C:\WINDOWS\system32\rsaenh.dll
0x00007ffd80d60000 - 0x00007ffd80d8b000 	C:\WINDOWS\SYSTEM32\USERENV.dll
0x00007ffd81880000 - 0x00007ffd818aa000 	C:\WINDOWS\SYSTEM32\bcrypt.dll
0x00007ffd80f90000 - 0x00007ffd80f9c000 	C:\WINDOWS\SYSTEM32\CRYPTBASE.dll
0x00007ffd6af90000 - 0x00007ffd6af98000 	C:\WINDOWS\system32\wshunix.dll
0x00007ffd80180000 - 0x00007ffd802ac000 	C:\WINDOWS\SYSTEM32\DNSAPI.dll
0x00007ffd719a0000 - 0x00007ffd719ab000 	C:\Windows\System32\rasadhlp.dll
0x00007ffd721c0000 - 0x00007ffd72246000 	C:\WINDOWS\System32\fwpuclnt.dll

JVMTI agents:
C:\Users\karlo\.gradle\wrapper\dists\gradle-8.14-all\c2qonpi39x1mddn7hk5gh9iqj\gradle-8.14\lib\agents\gradle-instrumentation-agent-8.14.jar path:C:\Program Files\Android\Android Studio\jbr\bin\instrument.dll, loaded, initialized, instrumentlib options:none

dbghelp: loaded successfully - version: 4.0.5 - missing functions: none
symbol engine: initialized successfully - sym options: 0x614 - pdb path: .;C:\Program Files\Android\Android Studio\jbr\bin;C:\WINDOWS\SYSTEM32;C:\WINDOWS\WinSxS\amd64_microsoft.windows.common-controls_6595b64144ccf1df_6.0.26100.7309_none_3e05feeae336a044;C:\Program Files\Android\Android Studio\jbr\bin\server;C:\Users\karlo\.gradle\native\1def1411415f61bf3af743bc5b6707747c0891f09f0c88961ee8f79bc544acac\windows-amd64;C:\Users\karlo\.gradle\native\0.2.7\x86_64-windows-gnu

VM Arguments:
jvm_args: --add-opens=java.base/java.lang=ALL-UNNAMED --add-opens=java.base/java.lang.invoke=ALL-UNNAMED --add-opens=java.base/java.util=ALL-UNNAMED --add-opens=java.prefs/java.util.prefs=ALL-UNNAMED --add-exports=jdk.compiler/com.sun.tools.javac.api=ALL-UNNAMED --add-exports=jdk.compiler/com.sun.tools.javac.util=ALL-UNNAMED --add-opens=java.base/java.util=ALL-UNNAMED --add-opens=java.prefs/java.util.prefs=ALL-UNNAMED --add-opens=java.base/java.nio.charset=ALL-UNNAMED --add-opens=java.base/java.net=ALL-UNNAMED --add-opens=java.base/java.util.concurrent.atomic=ALL-UNNAMED --add-opens=java.xml/javax.xml.namespace=ALL-UNNAMED -XX:MaxMetaspaceSize=4G -XX:ReservedCodeCacheSize=512m -XX:+HeapDumpOnOutOfMemoryError -Xmx8G -Dfile.encoding=UTF-8 -Duser.country=HR -Duser.language=hr -Duser.variant -javaagent:C:\Users\karlo\.gradle\wrapper\dists\gradle-8.14-all\c2qonpi39x1mddn7hk5gh9iqj\gradle-8.14\lib\agents\gradle-instrumentation-agent-8.14.jar 
java_command: org.gradle.launcher.daemon.bootstrap.GradleDaemon 8.14
java_class_path (initial): C:\Users\karlo\.gradle\wrapper\dists\gradle-8.14-all\c2qonpi39x1mddn7hk5gh9iqj\gradle-8.14\lib\gradle-daemon-main-8.14.jar
Launcher Type: SUN_STANDARD

[Global flags]
     intx CICompilerCount                          = 3                                         {product} {ergonomic}
     uint ConcGCThreads                            = 1                                         {product} {ergonomic}
     uint G1ConcRefinementThreads                  = 4                                         {product} {ergonomic}
   size_t G1HeapRegionSize                         = 4194304                                   {product} {ergonomic}
    uintx GCDrainStackTargetSize                   = 64                                        {product} {ergonomic}
     bool HeapDumpOnOutOfMemoryError               = true                                   {manageable} {command line}
   size_t InitialHeapSize                          = 67108864                                  {product} {ergonomic}
   size_t MarkStackSize                            = 4194304                                   {product} {ergonomic}
   size_t MaxHeapSize                              = 8589934592                                {product} {command line}
   size_t MaxMetaspaceSize                         = 4294967296                                {product} {command line}
   size_t MaxNewSize                               = 5150605312                                {product} {ergonomic}
   size_t MinHeapDeltaBytes                        = 4194304                                   {product} {ergonomic}
   size_t MinHeapSize                              = 8388608                                   {product} {ergonomic}
    uintx NonNMethodCodeHeapSize                   = 5832780                                {pd product} {ergonomic}
    uintx NonProfiledCodeHeapSize                  = 265519066                              {pd product} {ergonomic}
    uintx ProfiledCodeHeapSize                     = 265519066                              {pd product} {ergonomic}
    uintx ReservedCodeCacheSize                    = 536870912                              {pd product} {command line}
     bool SegmentedCodeCache                       = true                                      {product} {ergonomic}
   size_t SoftMaxHeapSize                          = 8589934592                             {manageable} {ergonomic}
     bool UseCompressedOops                        = true                           {product lp64_product} {ergonomic}
     bool UseG1GC                                  = true                                      {product} {ergonomic}
     bool UseLargePagesIndividualAllocation        = false                                  {pd product} {ergonomic}

Logging:
Log output configuration:
 #0: stdout all=warning uptime,level,tags foldmultilines=false
 #1: stderr all=off uptime,level,tags foldmultilines=false

Environment Variables:
JAVA_HOME=C:\Program Files\Android\Android Studio\jbr
CLASSPATH=C:\Users\karlo\OneDrive\Pictures\Desktop\payparq.ai\apps\mobile-scanner\android\\gradle\wrapper\gradle-wrapper.jar
PATH=C:\Program Files\Android\Android Studio\jbr\bin;c:\\Users\\karlo\\.trae\\sdks\\workspaces\\0c48b88c\\versions\\node\\current;c:\\Users\\karlo\\.trae\\sdks\\versions\\node\\current;C:\Users\karlo\flutter\bin\;c:\Users\karlo\.trae\sdks\workspaces\0c48b88c\versions\node\current;c:\Users\karlo\.trae\sdks\versions\node\current;C:\Program Files (x86)\Intel\iCLS Client\;C:\Program Files\Intel\iCLS Client\;C:\WINDOWS\system32;C:\WINDOWS;C:\WINDOWS\System32\Wbem;C:\WINDOWS\System32\WindowsPowerShell\v1.0\;C:\WINDOWS\System32\OpenSSH\;C:\Program Files (x86)\Intel\Intel(R) Management Engine Components\DAL;C:\Program Files\Intel\Intel(R) Management Engine Components\DAL;C:\Program Files (x86)\Intel\Intel(R) Management Engine Components\IPT;C:\Program Files\Intel\Intel(R) Management Engine Components\IPT;C:\Program Files\Intel\WiFi\bin\;C:\Program Files\Common Files\Intel\WirelessCommon\;C:\Program Files\dotnet\;C:\Users\karlo\AppData\Local\Muse Hub\lib;C:\Program Files\nodejs\;C:\Program Files\cursor\resources\app\bin;C:\Program Files\Git\cmd;C:\Program Files\Docker\Docker\resources\bin;C:\Users\karlo\scoop\shims;c:\\Users\\karlo\\.trae\\sdks\\workspaces\\0c48b88c\\versions\\node\\current;c:\\Users\\karlo\\.trae\\sdks\\versions\\node\\current;c:\Users\karlo\.trae\sdks\workspaces\0c48b88c\versions\node\current;c:\Users\karlo\.trae\sdks\versions\node\current;C:\Program Files (x86)\Intel\iCLS Client\;C:\Program Files\Intel\iCLS Client\;C:\WINDOWS\system32;C:\WINDOWS;C:\WINDOWS\System32\Wbem;C:\WINDOWS\System32\WindowsPowerShell\v1.0\;C:\WINDOWS\System32\OpenSSH\;C:\Program Files (x86)\Intel\Intel(R) Management Engine Components\DAL;C:\Program Files\Intel\Intel(R) Management Engine Components\DAL;C:\Program Files (x86)\Intel\Intel(R) Management Engine Components\IPT;C:\Program Files\Intel\Intel(R) Management Engine Components\IPT;C:\Program Files\Intel\WiFi\bin\;C:\Program Files\Common Files\Intel\WirelessCommon\;C:\Program Files\dotnet\;C:\Users\karlo\AppData\Local\Muse Hub\lib;C:\Program Files\nodejs\;C:\Program Files\cursor\resources\app\bin;C:\Program Files\Git\cmd;C:\Users\karlo\AppData\Local\Microsoft\WindowsApps;C:\Users\karlo\AppData\Local\Muse Hub\lib;C:\Users\karlo\AppData\Roaming\npm;C:\Users\karlo\flutter\bin;C:\Users\karlo\flutter\bin;C:\Users\karlo\.deno\bin;C:\Users\karlo\flutter\bin\mingit\cmd
USERNAME=karlo
LANG=en_US.UTF-8
OS=Windows_NT
PROCESSOR_IDENTIFIER=Intel64 Family 6 Model 142 Stepping 10, GenuineIntel
TMP=C:\Users\karlo\AppData\Local\Temp
TEMP=C:\Users\karlo\AppData\Local\Temp




Periodic native trim disabled

JNI global refs:
JNI global refs: 27, weak refs: 0

JNI global refs memory usage: 835, weak refs: 833

Process memory usage:
Resident Set Size: 371204K (9% of 4074548K total physical memory with 803248K free physical memory)

OOME stack traces (most recent first):
Classloader memory used:
Loader org.gradle.internal.classloader.VisitableURLClassLoader                         : 101M
Loader bootstrap                                                                       : 32142K
Loader org.gradle.initialization.MixInLegacyTypesClassLoader                           : 9273K
Loader jdk.internal.loader.ClassLoaders$PlatformClassLoader                            : 840K
Loader jdk.internal.jrtfs.JrtFileSystemProvider$JrtFsLoader                            : 341K
Loader jdk.internal.loader.ClassLoaders$AppClassLoader                                 : 235K
Loader org.gradle.internal.classloader.VisitableURLClassLoader                         : 39792B
Loader jdk.internal.reflect.DelegatingClassLoader                                      : 10344B

Classes loaded by more than one classloader:
Class Program                                                                         : loaded 3 times (x 74B)
Class jdk.internal.jimage.BasicImageReader                                            : loaded 2 times (x 95B)
Class org.gradle.internal.classloader.ClassLoaderHierarchy                            : loaded 2 times (x 70B)
Class org.gradle.api.internal.classpath.ManifestUtil                                  : loaded 2 times (x 71B)
Class jdk.internal.jimage.decompressor.StringSharingDecompressorFactory               : loaded 2 times (x 74B)
Class org.gradle.internal.classloader.DefaultClassLoaderFactory                       : loaded 2 times (x 82B)
Class org.gradle.internal.classloader.ClassLoaderVisitor                              : loaded 2 times (x 76B)
Class org.gradle.api.internal.classpath.EffectiveClassPath                            : loaded 2 times (x 90B)
Class org.gradle.api.internal.DefaultClassPathProvider                                : loaded 2 times (x 76B)
Class [Lorg.gradle.api.internal.ClassPathProvider;                                    : loaded 2 times (x 69B)
Class org.gradle.api.internal.ClassPathProvider                                       : loaded 2 times (x 70B)
Class jdk.internal.jrtfs.SystemImage                                                  : loaded 2 times (x 74B)
Class org.gradle.internal.service.UnknownServiceException                             : loaded 2 times (x 83B)
Class org.gradle.internal.classpath.TransformedClassPath                              : loaded 2 times (x 96B)
Class org.gradle.internal.classloader.InstrumentingClassLoader                        : loaded 2 times (x 70B)
Class jdk.internal.jrtfs.SystemImage$1                                                : loaded 2 times (x 78B)
Class jdk.internal.jrtfs.SystemImage$2                                                : loaded 2 times (x 76B)
Class org.gradle.internal.service.ServiceLocator                                      : loaded 2 times (x 70B)
Class jdk.internal.jrtfs.JrtFileSystemProvider                                        : loaded 2 times (x 101B)
Class jdk.internal.jimage.ImageLocation                                               : loaded 2 times (x 90B)
Class jdk.internal.jrtfs.JrtDirectoryStream$1                                         : loaded 2 times (x 83B)
Class org.gradle.internal.InternalTransformer                                         : loaded 2 times (x 70B)
Class jdk.internal.jimage.ImageBufferCache$1                                          : loaded 2 times (x 83B)
Class org.gradle.internal.classloader.ClasspathUtil$1                                 : loaded 2 times (x 76B)
Class jdk.internal.jimage.ImageBufferCache$2                                          : loaded 2 times (x 91B)
Class org.gradle.api.internal.classpath.DefaultModuleRegistry$DefaultModule           : loaded 2 times (x 86B)
Class org.gradle.api.internal.classpath.Module                                        : loaded 2 times (x 70B)
Class org.gradle.api.internal.classpath.UnknownModuleException                        : loaded 2 times (x 82B)
Class jdk.internal.jimage.ImageHeader                                                 : loaded 2 times (x 71B)
Class org.gradle.api.internal.DefaultClassPathRegistry                                : loaded 2 times (x 76B)
Class org.gradle.api.internal.ClassPathRegistry                                       : loaded 2 times (x 70B)
Class org.gradle.internal.classpath.DefaultClassPath$ImmutableUniqueList              : loaded 2 times (x 199B)
Class jdk.internal.jimage.decompressor.ResourceDecompressor                           : loaded 2 times (x 70B)
Class org.gradle.internal.classloader.FilteringClassLoader                            : loaded 2 times (x 105B)
Class Settings_gradle$1                                                               : loaded 2 times (x 74B)
Class org.gradle.internal.classpath.ClassPath                                         : loaded 2 times (x 70B)
Class org.gradle.api.UncheckedIOException                                             : loaded 2 times (x 82B)
Class jdk.internal.jimage.ImageStringsReader                                          : loaded 2 times (x 80B)
Class jdk.internal.jimage.ImageReader                                                 : loaded 2 times (x 75B)
Class jdk.internal.jimage.ImageReader$SharedImageReader                               : loaded 2 times (x 95B)
Class org.gradle.internal.installation.GradleInstallation$1                           : loaded 2 times (x 75B)
Class org.gradle.api.internal.classpath.ModuleRegistry                                : loaded 2 times (x 70B)
Class jdk.internal.jimage.decompressor.ResourceDecompressorFactory                    : loaded 2 times (x 74B)
Class jdk.internal.jimage.ImageReader$Node                                            : loaded 2 times (x 84B)
Class org.gradle.api.internal.classpath.DefaultModuleRegistry                         : loaded 2 times (x 86B)
Class jdk.internal.jimage.BasicImageReader$1                                          : loaded 2 times (x 77B)
Class jdk.internal.jimage.decompressor.Decompressor                                   : loaded 2 times (x 72B)
Class jdk.internal.jimage.ImageReader$Resource                                        : loaded 2 times (x 84B)
Class org.gradle.internal.service.ServiceLookupException                              : loaded 2 times (x 82B)
Class jdk.internal.jrtfs.JrtFileAttributes                                            : loaded 2 times (x 83B)
Class org.gradle.internal.classloader.ClassLoaderFactory                              : loaded 2 times (x 70B)
Class org.gradle.internal.service.CachingServiceLocator                               : loaded 2 times (x 82B)
Class jdk.internal.jimage.ImageBufferCache                                            : loaded 2 times (x 71B)
Class jdk.internal.jrtfs.JrtPath                                                      : loaded 2 times (x 118B)
Class org.gradle.internal.classloader.ClasspathUtil                                   : loaded 2 times (x 71B)
Class org.gradle.api.specs.Spec                                                       : loaded 2 times (x 70B)
Class jdk.internal.jimage.ImageReader$SharedImageReader$LocationVisitor               : loaded 2 times (x 70B)
Class jdk.internal.jimage.decompressor.ResourceDecompressorRepository                 : loaded 2 times (x 71B)
Class jdk.internal.jimage.ImageReader$Directory                                       : loaded 2 times (x 84B)
Class org.gradle.internal.classloader.VisitableURLClassLoader$InstrumentingVisitableURLClassLoader: loaded 2 times (x 123B)
Class org.gradle.internal.classloader.VisitableURLClassLoader$Spec                    : loaded 2 times (x 74B)
Class org.gradle.internal.classpath.DefaultClassPath                                  : loaded 2 times (x 90B)
Class jdk.internal.jimage.decompressor.ZipDecompressorFactory                         : loaded 2 times (x 74B)
Class org.gradle.internal.classloader.ClassLoaderSpec                                 : loaded 2 times (x 71B)
Class Settings_gradle$1$1                                                             : loaded 2 times (x 74B)
Class org.gradle.internal.classloader.VisitableURLClassLoader                         : loaded 2 times (x 117B)
Class Settings_gradle                                                                 : loaded 2 times (x 128B)
Class org.gradle.internal.Cast                                                        : loaded 2 times (x 71B)
Class org.gradle.api.Action                                                           : loaded 2 times (x 70B)
Class jdk.internal.jimage.decompressor.ZipDecompressor                                : loaded 2 times (x 75B)
Class org.gradle.internal.classpath.DefaultClassPath$ImmutableUniqueList$Builder      : loaded 2 times (x 75B)
Class org.gradle.api.GradleException                                                  : loaded 2 times (x 82B)
Class jdk.internal.jimage.ImageStrings                                                : loaded 2 times (x 70B)
Class org.gradle.internal.IoActions                                                   : loaded 2 times (x 71B)
Class org.gradle.internal.classloader.SystemClassLoaderSpec                           : loaded 2 times (x 71B)
Class jdk.internal.jrtfs.JrtFileSystem                                                : loaded 2 times (x 102B)
Class jdk.internal.jimage.decompressor.CompressedResourceHeader                       : loaded 2 times (x 71B)
Class org.gradle.api.internal.classpath.GlobalCacheRootsProvider                      : loaded 2 times (x 70B)
Class org.gradle.internal.installation.CurrentGradleInstallationLocator               : loaded 2 times (x 71B)
Class org.gradle.internal.service.DefaultServiceLocator                               : loaded 2 times (x 83B)
Class jdk.internal.jrtfs.JrtDirectoryStream                                           : loaded 2 times (x 89B)
Class org.gradle.internal.installation.CurrentGradleInstallation                      : loaded 2 times (x 73B)
Class org.gradle.util.internal.GUtil                                                  : loaded 2 times (x 71B)
Class org.gradle.internal.installation.GradleInstallation                             : loaded 2 times (x 75B)
Class jdk.internal.jimage.decompressor.ResourceDecompressor$StringsProvider           : loaded 2 times (x 70B)

---------------  S Y S T E M  ---------------

OS:
 Windows 11 , 64 bit Build 26100 (10.0.26100.7623)
OS uptime: 1 days 1:57 hours
Hyper-V role detected

CPU: total 4 (initial active 4) (2 cores per cpu, 2 threads per core) family 6 model 142 stepping 10 microcode 0xe0, cx8, cmov, fxsr, ht, mmx, 3dnowpref, sse, sse2, sse3, ssse3, sse4.1, sse4.2, popcnt, lzcnt, tsc, tscinvbit, avx, avx2, aes, erms, clmul, bmi1, bmi2, adx, fma, vzeroupper, clflush, clflushopt, hv, rdtscp, f16c
Processor Information for the first 4 processors :
  Max Mhz: 2208, Current Mhz: 2208, Mhz Limit: 2208

Memory: 4k page, system-wide physical 3979M (363M free)
TotalPageFile size 16267M (AvailPageFile size 1705M)
current process WorkingSet (physical memory assigned to process): 404M, peak: 597M
current process commit charge ("private bytes"): 2152M, peak: 4737M

vm_info: OpenJDK 64-Bit Server VM (21.0.8+-14196175-b1038.72) for windows-amd64 JRE (21.0.8+-14196175-b1038.72), built on 2025-10-01T10:24:33Z by "builder" with MS VC++ 16.10 / 16.11 (VS2019)

END.
